{
  "source_dir": "E:\\VScodeProject\\Python\\moonbit\\selene\\examples\\pixeladventure\\.mooncakes\\Yoorkin\\rabbit-tea",
  "name": "Yoorkin/rabbit-tea",
  "packages": [
    {
      "is-main": false,
      "is-third-party": false,
      "root-path": "E:\\VScodeProject\\Python\\moonbit\\selene\\examples\\pixeladventure\\.mooncakes\\Yoorkin\\rabbit-tea\\src",
      "root": "Yoorkin/rabbit-tea",
      "rel": "",
      "files": {
        "E:\\VScodeProject\\Python\\moonbit\\selene\\examples\\pixeladventure\\.mooncakes\\Yoorkin\\rabbit-tea\\src\\top.mbt": {
          "backend": [
            "Wasm",
            "WasmGC",
            "Js",
            "Native",
            "LLVM"
          ],
          "optlevel": [
            "Debug",
            "Release"
          ]
        }
      },
      "wbtest-files": {},
      "test-files": {},
      "mbt-md-files": {},
      "deps": [
        {
          "path": "Yoorkin/rabbit-tea/html",
          "alias": "html",
          "fspath": "E:\\VScodeProject\\Python\\moonbit\\selene\\examples\\pixeladventure\\.mooncakes\\Yoorkin\\rabbit-tea\\src\\html"
        },
        {
          "path": "Yoorkin/rabbit-tea/internal/vdom",
          "alias": "vdom",
          "fspath": "E:\\VScodeProject\\Python\\moonbit\\selene\\examples\\pixeladventure\\.mooncakes\\Yoorkin\\rabbit-tea\\src\\internal\\vdom"
        },
        {
          "path": "Yoorkin/rabbit-tea/internal/browser",
          "alias": "browser",
          "fspath": "E:\\VScodeProject\\Python\\moonbit\\selene\\examples\\pixeladventure\\.mooncakes\\Yoorkin\\rabbit-tea\\src\\internal\\browser"
        },
        {
          "path": "Yoorkin/rabbit-tea/url",
          "alias": "url",
          "fspath": "E:\\VScodeProject\\Python\\moonbit\\selene\\examples\\pixeladventure\\.mooncakes\\Yoorkin\\rabbit-tea\\src\\url"
        },
        {
          "path": "Yoorkin/rabbit-tea/dom",
          "alias": "dom",
          "fspath": "E:\\VScodeProject\\Python\\moonbit\\selene\\examples\\pixeladventure\\.mooncakes\\Yoorkin\\rabbit-tea\\src\\dom"
        },
        {
          "path": "Yoorkin/rabbit-tea/cmd",
          "alias": "cmd",
          "fspath": "E:\\VScodeProject\\Python\\moonbit\\selene\\examples\\pixeladventure\\.mooncakes\\Yoorkin\\rabbit-tea\\src\\cmd"
        },
        {
          "path": "rami3l/js-ffi/js",
          "alias": "js",
          "fspath": "E:\\VScodeProject\\Python\\moonbit\\selene\\examples\\pixeladventure\\.mooncakes\\Yoorkin\\rabbit-tea\\.mooncakes\\rami3l\\js-ffi\\src\\js"
        }
      ],
      "wbtest-deps": [],
      "test-deps": [],
      "artifact": "E:\\VScodeProject\\Python\\moonbit\\selene\\examples\\pixeladventure\\.mooncakes\\Yoorkin\\rabbit-tea\\target\\js\\release\\check\\rabbit-tea.mi"
    },
    {
      "is-main": false,
      "is-third-party": false,
      "root-path": "E:\\VScodeProject\\Python\\moonbit\\selene\\examples\\pixeladventure\\.mooncakes\\Yoorkin\\rabbit-tea\\src\\clipboard",
      "root": "Yoorkin/rabbit-tea",
      "rel": "clipboard",
      "files": {
        "E:\\VScodeProject\\Python\\moonbit\\selene\\examples\\pixeladventure\\.mooncakes\\Yoorkin\\rabbit-tea\\src\\clipboard\\aliases.mbt": {
          "backend": [
            "Wasm",
            "WasmGC",
            "Js",
            "Native",
            "LLVM"
          ],
          "optlevel": [
            "Debug",
            "Release"
          ]
        },
        "E:\\VScodeProject\\Python\\moonbit\\selene\\examples\\pixeladventure\\.mooncakes\\Yoorkin\\rabbit-tea\\src\\clipboard\\clipboard.mbt": {
          "backend": [
            "Wasm",
            "WasmGC",
            "Js",
            "Native",
            "LLVM"
          ],
          "optlevel": [
            "Debug",
            "Release"
          ]
        }
      },
      "wbtest-files": {},
      "test-files": {},
      "mbt-md-files": {},
      "deps": [
        {
          "path": "Yoorkin/rabbit-tea/cmd",
          "alias": "cmd",
          "fspath": "E:\\VScodeProject\\Python\\moonbit\\selene\\examples\\pixeladventure\\.mooncakes\\Yoorkin\\rabbit-tea\\src\\cmd"
        },
        {
          "path": "Yoorkin/rabbit-tea/dom",
          "alias": "dom",
          "fspath": "E:\\VScodeProject\\Python\\moonbit\\selene\\examples\\pixeladventure\\.mooncakes\\Yoorkin\\rabbit-tea\\src\\dom"
        },
        {
          "path": "rami3l/js-ffi/js",
          "alias": "js",
          "fspath": "E:\\VScodeProject\\Python\\moonbit\\selene\\examples\\pixeladventure\\.mooncakes\\Yoorkin\\rabbit-tea\\.mooncakes\\rami3l\\js-ffi\\src\\js"
        }
      ],
      "wbtest-deps": [],
      "test-deps": [],
      "artifact": "E:\\VScodeProject\\Python\\moonbit\\selene\\examples\\pixeladventure\\.mooncakes\\Yoorkin\\rabbit-tea\\target\\js\\release\\check\\clipboard\\clipboard.mi"
    },
    {
      "is-main": false,
      "is-third-party": false,
      "root-path": "E:\\VScodeProject\\Python\\moonbit\\selene\\examples\\pixeladventure\\.mooncakes\\Yoorkin\\rabbit-tea\\src\\cmd",
      "root": "Yoorkin/rabbit-tea",
      "rel": "cmd",
      "files": {
        "E:\\VScodeProject\\Python\\moonbit\\selene\\examples\\pixeladventure\\.mooncakes\\Yoorkin\\rabbit-tea\\src\\cmd\\command.mbt": {
          "backend": [
            "Wasm",
            "WasmGC",
            "Js",
            "Native",
            "LLVM"
          ],
          "optlevel": [
            "Debug",
            "Release"
          ]
        }
      },
      "wbtest-files": {},
      "test-files": {},
      "mbt-md-files": {},
      "deps": [
        {
          "path": "Yoorkin/rabbit-tea/url",
          "alias": "url",
          "fspath": "E:\\VScodeProject\\Python\\moonbit\\selene\\examples\\pixeladventure\\.mooncakes\\Yoorkin\\rabbit-tea\\src\\url"
        },
        {
          "path": "rami3l/js-ffi/js",
          "alias": "js",
          "fspath": "E:\\VScodeProject\\Python\\moonbit\\selene\\examples\\pixeladventure\\.mooncakes\\Yoorkin\\rabbit-tea\\.mooncakes\\rami3l\\js-ffi\\src\\js"
        }
      ],
      "wbtest-deps": [],
      "test-deps": [],
      "artifact": "E:\\VScodeProject\\Python\\moonbit\\selene\\examples\\pixeladventure\\.mooncakes\\Yoorkin\\rabbit-tea\\target\\js\\release\\check\\cmd\\cmd.mi"
    },
    {
      "is-main": false,
      "is-third-party": false,
      "root-path": "E:\\VScodeProject\\Python\\moonbit\\selene\\examples\\pixeladventure\\.mooncakes\\Yoorkin\\rabbit-tea\\src\\dialog",
      "root": "Yoorkin/rabbit-tea",
      "rel": "dialog",
      "files": {
        "E:\\VScodeProject\\Python\\moonbit\\selene\\examples\\pixeladventure\\.mooncakes\\Yoorkin\\rabbit-tea\\src\\dialog\\aliases.mbt": {
          "backend": [
            "Wasm",
            "WasmGC",
            "Js",
            "Native",
            "LLVM"
          ],
          "optlevel": [
            "Debug",
            "Release"
          ]
        },
        "E:\\VScodeProject\\Python\\moonbit\\selene\\examples\\pixeladventure\\.mooncakes\\Yoorkin\\rabbit-tea\\src\\dialog\\dialog.mbt": {
          "backend": [
            "Wasm",
            "WasmGC",
            "Js",
            "Native",
            "LLVM"
          ],
          "optlevel": [
            "Debug",
            "Release"
          ]
        }
      },
      "wbtest-files": {},
      "test-files": {},
      "mbt-md-files": {},
      "deps": [
        {
          "path": "Yoorkin/rabbit-tea/cmd",
          "alias": "cmd",
          "fspath": "E:\\VScodeProject\\Python\\moonbit\\selene\\examples\\pixeladventure\\.mooncakes\\Yoorkin\\rabbit-tea\\src\\cmd"
        },
        {
          "path": "Yoorkin/rabbit-tea/dom",
          "alias": "dom",
          "fspath": "E:\\VScodeProject\\Python\\moonbit\\selene\\examples\\pixeladventure\\.mooncakes\\Yoorkin\\rabbit-tea\\src\\dom"
        },
        {
          "path": "rami3l/js-ffi/js",
          "alias": "js",
          "fspath": "E:\\VScodeProject\\Python\\moonbit\\selene\\examples\\pixeladventure\\.mooncakes\\Yoorkin\\rabbit-tea\\.mooncakes\\rami3l\\js-ffi\\src\\js"
        }
      ],
      "wbtest-deps": [],
      "test-deps": [],
      "artifact": "E:\\VScodeProject\\Python\\moonbit\\selene\\examples\\pixeladventure\\.mooncakes\\Yoorkin\\rabbit-tea\\target\\js\\release\\check\\dialog\\dialog.mi"
    },
    {
      "is-main": false,
      "is-third-party": false,
      "root-path": "E:\\VScodeProject\\Python\\moonbit\\selene\\examples\\pixeladventure\\.mooncakes\\Yoorkin\\rabbit-tea\\src\\dom",
      "root": "Yoorkin/rabbit-tea",
      "rel": "dom",
      "files": {
        "E:\\VScodeProject\\Python\\moonbit\\selene\\examples\\pixeladventure\\.mooncakes\\Yoorkin\\rabbit-tea\\src\\dom\\animation_event.mbt": {
          "backend": [
            "Wasm",
            "WasmGC",
            "Js",
            "Native",
            "LLVM"
          ],
          "optlevel": [
            "Debug",
            "Release"
          ]
        },
        "E:\\VScodeProject\\Python\\moonbit\\selene\\examples\\pixeladventure\\.mooncakes\\Yoorkin\\rabbit-tea\\src\\dom\\before_unload_event.mbt": {
          "backend": [
            "Wasm",
            "WasmGC",
            "Js",
            "Native",
            "LLVM"
          ],
          "optlevel": [
            "Debug",
            "Release"
          ]
        },
        "E:\\VScodeProject\\Python\\moonbit\\selene\\examples\\pixeladventure\\.mooncakes\\Yoorkin\\rabbit-tea\\src\\dom\\blob.mbt": {
          "backend": [
            "Wasm",
            "WasmGC",
            "Js",
            "Native",
            "LLVM"
          ],
          "optlevel": [
            "Debug",
            "Release"
          ]
        },
        "E:\\VScodeProject\\Python\\moonbit\\selene\\examples\\pixeladventure\\.mooncakes\\Yoorkin\\rabbit-tea\\src\\dom\\blob_event.mbt": {
          "backend": [
            "Wasm",
            "WasmGC",
            "Js",
            "Native",
            "LLVM"
          ],
          "optlevel": [
            "Debug",
            "Release"
          ]
        },
        "E:\\VScodeProject\\Python\\moonbit\\selene\\examples\\pixeladventure\\.mooncakes\\Yoorkin\\rabbit-tea\\src\\dom\\canvas_gradient.mbt": {
          "backend": [
            "Wasm",
            "WasmGC",
            "Js",
            "Native",
            "LLVM"
          ],
          "optlevel": [
            "Debug",
            "Release"
          ]
        },
        "E:\\VScodeProject\\Python\\moonbit\\selene\\examples\\pixeladventure\\.mooncakes\\Yoorkin\\rabbit-tea\\src\\dom\\canvas_line_cap.mbt": {
          "backend": [
            "Wasm",
            "WasmGC",
            "Js",
            "Native",
            "LLVM"
          ],
          "optlevel": [
            "Debug",
            "Release"
          ]
        },
        "E:\\VScodeProject\\Python\\moonbit\\selene\\examples\\pixeladventure\\.mooncakes\\Yoorkin\\rabbit-tea\\src\\dom\\canvas_line_join.mbt": {
          "backend": [
            "Wasm",
            "WasmGC",
            "Js",
            "Native",
            "LLVM"
          ],
          "optlevel": [
            "Debug",
            "Release"
          ]
        },
        "E:\\VScodeProject\\Python\\moonbit\\selene\\examples\\pixeladventure\\.mooncakes\\Yoorkin\\rabbit-tea\\src\\dom\\canvas_pattern.mbt": {
          "backend": [
            "Wasm",
            "WasmGC",
            "Js",
            "Native",
            "LLVM"
          ],
          "optlevel": [
            "Debug",
            "Release"
          ]
        },
        "E:\\VScodeProject\\Python\\moonbit\\selene\\examples\\pixeladventure\\.mooncakes\\Yoorkin\\rabbit-tea\\src\\dom\\canvas_rendering_context2d.mbt": {
          "backend": [
            "Wasm",
            "WasmGC",
            "Js",
            "Native",
            "LLVM"
          ],
          "optlevel": [
            "Debug",
            "Release"
          ]
        },
        "E:\\VScodeProject\\Python\\moonbit\\selene\\examples\\pixeladventure\\.mooncakes\\Yoorkin\\rabbit-tea\\src\\dom\\clipboard.mbt": {
          "backend": [
            "Wasm",
            "WasmGC",
            "Js",
            "Native",
            "LLVM"
          ],
          "optlevel": [
            "Debug",
            "Release"
          ]
        },
        "E:\\VScodeProject\\Python\\moonbit\\selene\\examples\\pixeladventure\\.mooncakes\\Yoorkin\\rabbit-tea\\src\\dom\\clipboard_event.mbt": {
          "backend": [
            "Wasm",
            "WasmGC",
            "Js",
            "Native",
            "LLVM"
          ],
          "optlevel": [
            "Debug",
            "Release"
          ]
        },
        "E:\\VScodeProject\\Python\\moonbit\\selene\\examples\\pixeladventure\\.mooncakes\\Yoorkin\\rabbit-tea\\src\\dom\\close_event.mbt": {
          "backend": [
            "Wasm",
            "WasmGC",
            "Js",
            "Native",
            "LLVM"
          ],
          "optlevel": [
            "Debug",
            "Release"
          ]
        },
        "E:\\VScodeProject\\Python\\moonbit\\selene\\examples\\pixeladventure\\.mooncakes\\Yoorkin\\rabbit-tea\\src\\dom\\composition_event.mbt": {
          "backend": [
            "Wasm",
            "WasmGC",
            "Js",
            "Native",
            "LLVM"
          ],
          "optlevel": [
            "Debug",
            "Release"
          ]
        },
        "E:\\VScodeProject\\Python\\moonbit\\selene\\examples\\pixeladventure\\.mooncakes\\Yoorkin\\rabbit-tea\\src\\dom\\css_style_declaration.mbt": {
          "backend": [
            "Wasm",
            "WasmGC",
            "Js",
            "Native",
            "LLVM"
          ],
          "optlevel": [
            "Debug",
            "Release"
          ]
        },
        "E:\\VScodeProject\\Python\\moonbit\\selene\\examples\\pixeladventure\\.mooncakes\\Yoorkin\\rabbit-tea\\src\\dom\\custom_event.mbt": {
          "backend": [
            "Wasm",
            "WasmGC",
            "Js",
            "Native",
            "LLVM"
          ],
          "optlevel": [
            "Debug",
            "Release"
          ]
        },
        "E:\\VScodeProject\\Python\\moonbit\\selene\\examples\\pixeladventure\\.mooncakes\\Yoorkin\\rabbit-tea\\src\\dom\\data_transfer.mbt": {
          "backend": [
            "Wasm",
            "WasmGC",
            "Js",
            "Native",
            "LLVM"
          ],
          "optlevel": [
            "Debug",
            "Release"
          ]
        },
        "E:\\VScodeProject\\Python\\moonbit\\selene\\examples\\pixeladventure\\.mooncakes\\Yoorkin\\rabbit-tea\\src\\dom\\Document.mbt": {
          "backend": [
            "Wasm",
            "WasmGC",
            "Js",
            "Native",
            "LLVM"
          ],
          "optlevel": [
            "Debug",
            "Release"
          ]
        },
        "E:\\VScodeProject\\Python\\moonbit\\selene\\examples\\pixeladventure\\.mooncakes\\Yoorkin\\rabbit-tea\\src\\dom\\document_fragment.mbt": {
          "backend": [
            "Wasm",
            "WasmGC",
            "Js",
            "Native",
            "LLVM"
          ],
          "optlevel": [
            "Debug",
            "Release"
          ]
        },
        "E:\\VScodeProject\\Python\\moonbit\\selene\\examples\\pixeladventure\\.mooncakes\\Yoorkin\\rabbit-tea\\src\\dom\\dom_exception.mbt": {
          "backend": [
            "Wasm",
            "WasmGC",
            "Js",
            "Native",
            "LLVM"
          ],
          "optlevel": [
            "Debug",
            "Release"
          ]
        },
        "E:\\VScodeProject\\Python\\moonbit\\selene\\examples\\pixeladventure\\.mooncakes\\Yoorkin\\rabbit-tea\\src\\dom\\dom_high_res_time_stamp.mbt": {
          "backend": [
            "Wasm",
            "WasmGC",
            "Js",
            "Native",
            "LLVM"
          ],
          "optlevel": [
            "Debug",
            "Release"
          ]
        },
        "E:\\VScodeProject\\Python\\moonbit\\selene\\examples\\pixeladventure\\.mooncakes\\Yoorkin\\rabbit-tea\\src\\dom\\dom_matrix_2d_init.mbt": {
          "backend": [
            "Wasm",
            "WasmGC",
            "Js",
            "Native",
            "LLVM"
          ],
          "optlevel": [
            "Debug",
            "Release"
          ]
        },
        "E:\\VScodeProject\\Python\\moonbit\\selene\\examples\\pixeladventure\\.mooncakes\\Yoorkin\\rabbit-tea\\src\\dom\\dom_rect.mbt": {
          "backend": [
            "Wasm",
            "WasmGC",
            "Js",
            "Native",
            "LLVM"
          ],
          "optlevel": [
            "Debug",
            "Release"
          ]
        },
        "E:\\VScodeProject\\Python\\moonbit\\selene\\examples\\pixeladventure\\.mooncakes\\Yoorkin\\rabbit-tea\\src\\dom\\drag_event.mbt": {
          "backend": [
            "Wasm",
            "WasmGC",
            "Js",
            "Native",
            "LLVM"
          ],
          "optlevel": [
            "Debug",
            "Release"
          ]
        },
        "E:\\VScodeProject\\Python\\moonbit\\selene\\examples\\pixeladventure\\.mooncakes\\Yoorkin\\rabbit-tea\\src\\dom\\element.mbt": {
          "backend": [
            "Wasm",
            "WasmGC",
            "Js",
            "Native",
            "LLVM"
          ],
          "optlevel": [
            "Debug",
            "Release"
          ]
        },
        "E:\\VScodeProject\\Python\\moonbit\\selene\\examples\\pixeladventure\\.mooncakes\\Yoorkin\\rabbit-tea\\src\\dom\\event.mbt": {
          "backend": [
            "Wasm",
            "WasmGC",
            "Js",
            "Native",
            "LLVM"
          ],
          "optlevel": [
            "Debug",
            "Release"
          ]
        },
        "E:\\VScodeProject\\Python\\moonbit\\selene\\examples\\pixeladventure\\.mooncakes\\Yoorkin\\rabbit-tea\\src\\dom\\event_target.mbt": {
          "backend": [
            "Wasm",
            "WasmGC",
            "Js",
            "Native",
            "LLVM"
          ],
          "optlevel": [
            "Debug",
            "Release"
          ]
        },
        "E:\\VScodeProject\\Python\\moonbit\\selene\\examples\\pixeladventure\\.mooncakes\\Yoorkin\\rabbit-tea\\src\\dom\\exception.mbt": {
          "backend": [
            "Wasm",
            "WasmGC",
            "Js",
            "Native",
            "LLVM"
          ],
          "optlevel": [
            "Debug",
            "Release"
          ]
        },
        "E:\\VScodeProject\\Python\\moonbit\\selene\\examples\\pixeladventure\\.mooncakes\\Yoorkin\\rabbit-tea\\src\\dom\\focus_event.mbt": {
          "backend": [
            "Wasm",
            "WasmGC",
            "Js",
            "Native",
            "LLVM"
          ],
          "optlevel": [
            "Debug",
            "Release"
          ]
        },
        "E:\\VScodeProject\\Python\\moonbit\\selene\\examples\\pixeladventure\\.mooncakes\\Yoorkin\\rabbit-tea\\src\\dom\\gpu_canvas_context.mbt": {
          "backend": [
            "Wasm",
            "WasmGC",
            "Js",
            "Native",
            "LLVM"
          ],
          "optlevel": [
            "Debug",
            "Release"
          ]
        },
        "E:\\VScodeProject\\Python\\moonbit\\selene\\examples\\pixeladventure\\.mooncakes\\Yoorkin\\rabbit-tea\\src\\dom\\html_canvas_element.mbt": {
          "backend": [
            "Wasm",
            "WasmGC",
            "Js",
            "Native",
            "LLVM"
          ],
          "optlevel": [
            "Debug",
            "Release"
          ]
        },
        "E:\\VScodeProject\\Python\\moonbit\\selene\\examples\\pixeladventure\\.mooncakes\\Yoorkin\\rabbit-tea\\src\\dom\\html_collection.mbt": {
          "backend": [
            "Wasm",
            "WasmGC",
            "Js",
            "Native",
            "LLVM"
          ],
          "optlevel": [
            "Debug",
            "Release"
          ]
        },
        "E:\\VScodeProject\\Python\\moonbit\\selene\\examples\\pixeladventure\\.mooncakes\\Yoorkin\\rabbit-tea\\src\\dom\\html_dialog_element.mbt": {
          "backend": [
            "Wasm",
            "WasmGC",
            "Js",
            "Native",
            "LLVM"
          ],
          "optlevel": [
            "Debug",
            "Release"
          ]
        },
        "E:\\VScodeProject\\Python\\moonbit\\selene\\examples\\pixeladventure\\.mooncakes\\Yoorkin\\rabbit-tea\\src\\dom\\html_element.mbt": {
          "backend": [
            "Wasm",
            "WasmGC",
            "Js",
            "Native",
            "LLVM"
          ],
          "optlevel": [
            "Debug",
            "Release"
          ]
        },
        "E:\\VScodeProject\\Python\\moonbit\\selene\\examples\\pixeladventure\\.mooncakes\\Yoorkin\\rabbit-tea\\src\\dom\\html_image_element.mbt": {
          "backend": [
            "Wasm",
            "WasmGC",
            "Js",
            "Native",
            "LLVM"
          ],
          "optlevel": [
            "Debug",
            "Release"
          ]
        },
        "E:\\VScodeProject\\Python\\moonbit\\selene\\examples\\pixeladventure\\.mooncakes\\Yoorkin\\rabbit-tea\\src\\dom\\html_input_element.mbt": {
          "backend": [
            "Wasm",
            "WasmGC",
            "Js",
            "Native",
            "LLVM"
          ],
          "optlevel": [
            "Debug",
            "Release"
          ]
        },
        "E:\\VScodeProject\\Python\\moonbit\\selene\\examples\\pixeladventure\\.mooncakes\\Yoorkin\\rabbit-tea\\src\\dom\\html_media_element.mbt": {
          "backend": [
            "Wasm",
            "WasmGC",
            "Js",
            "Native",
            "LLVM"
          ],
          "optlevel": [
            "Debug",
            "Release"
          ]
        },
        "E:\\VScodeProject\\Python\\moonbit\\selene\\examples\\pixeladventure\\.mooncakes\\Yoorkin\\rabbit-tea\\src\\dom\\html_select_element.mbt": {
          "backend": [
            "Wasm",
            "WasmGC",
            "Js",
            "Native",
            "LLVM"
          ],
          "optlevel": [
            "Debug",
            "Release"
          ]
        },
        "E:\\VScodeProject\\Python\\moonbit\\selene\\examples\\pixeladventure\\.mooncakes\\Yoorkin\\rabbit-tea\\src\\dom\\html_video_element.mbt": {
          "backend": [
            "Wasm",
            "WasmGC",
            "Js",
            "Native",
            "LLVM"
          ],
          "optlevel": [
            "Debug",
            "Release"
          ]
        },
        "E:\\VScodeProject\\Python\\moonbit\\selene\\examples\\pixeladventure\\.mooncakes\\Yoorkin\\rabbit-tea\\src\\dom\\image_bitmap.mbt": {
          "backend": [
            "Wasm",
            "WasmGC",
            "Js",
            "Native",
            "LLVM"
          ],
          "optlevel": [
            "Debug",
            "Release"
          ]
        },
        "E:\\VScodeProject\\Python\\moonbit\\selene\\examples\\pixeladventure\\.mooncakes\\Yoorkin\\rabbit-tea\\src\\dom\\image_bitmap_rendering_context.mbt": {
          "backend": [
            "Wasm",
            "WasmGC",
            "Js",
            "Native",
            "LLVM"
          ],
          "optlevel": [
            "Debug",
            "Release"
          ]
        },
        "E:\\VScodeProject\\Python\\moonbit\\selene\\examples\\pixeladventure\\.mooncakes\\Yoorkin\\rabbit-tea\\src\\dom\\image_data.mbt": {
          "backend": [
            "Wasm",
            "WasmGC",
            "Js",
            "Native",
            "LLVM"
          ],
          "optlevel": [
            "Debug",
            "Release"
          ]
        },
        "E:\\VScodeProject\\Python\\moonbit\\selene\\examples\\pixeladventure\\.mooncakes\\Yoorkin\\rabbit-tea\\src\\dom\\image_data_settings.mbt": {
          "backend": [
            "Wasm",
            "WasmGC",
            "Js",
            "Native",
            "LLVM"
          ],
          "optlevel": [
            "Debug",
            "Release"
          ]
        },
        "E:\\VScodeProject\\Python\\moonbit\\selene\\examples\\pixeladventure\\.mooncakes\\Yoorkin\\rabbit-tea\\src\\dom\\input_event.mbt": {
          "backend": [
            "Wasm",
            "WasmGC",
            "Js",
            "Native",
            "LLVM"
          ],
          "optlevel": [
            "Debug",
            "Release"
          ]
        },
        "E:\\VScodeProject\\Python\\moonbit\\selene\\examples\\pixeladventure\\.mooncakes\\Yoorkin\\rabbit-tea\\src\\dom\\keyboard_event.mbt": {
          "backend": [
            "Wasm",
            "WasmGC",
            "Js",
            "Native",
            "LLVM"
          ],
          "optlevel": [
            "Debug",
            "Release"
          ]
        },
        "E:\\VScodeProject\\Python\\moonbit\\selene\\examples\\pixeladventure\\.mooncakes\\Yoorkin\\rabbit-tea\\src\\dom\\mouse_event.mbt": {
          "backend": [
            "Wasm",
            "WasmGC",
            "Js",
            "Native",
            "LLVM"
          ],
          "optlevel": [
            "Debug",
            "Release"
          ]
        },
        "E:\\VScodeProject\\Python\\moonbit\\selene\\examples\\pixeladventure\\.mooncakes\\Yoorkin\\rabbit-tea\\src\\dom\\navigator.mbt": {
          "backend": [
            "Wasm",
            "WasmGC",
            "Js",
            "Native",
            "LLVM"
          ],
          "optlevel": [
            "Debug",
            "Release"
          ]
        },
        "E:\\VScodeProject\\Python\\moonbit\\selene\\examples\\pixeladventure\\.mooncakes\\Yoorkin\\rabbit-tea\\src\\dom\\node.mbt": {
          "backend": [
            "Wasm",
            "WasmGC",
            "Js",
            "Native",
            "LLVM"
          ],
          "optlevel": [
            "Debug",
            "Release"
          ]
        },
        "E:\\VScodeProject\\Python\\moonbit\\selene\\examples\\pixeladventure\\.mooncakes\\Yoorkin\\rabbit-tea\\src\\dom\\node_list.mbt": {
          "backend": [
            "Wasm",
            "WasmGC",
            "Js",
            "Native",
            "LLVM"
          ],
          "optlevel": [
            "Debug",
            "Release"
          ]
        },
        "E:\\VScodeProject\\Python\\moonbit\\selene\\examples\\pixeladventure\\.mooncakes\\Yoorkin\\rabbit-tea\\src\\dom\\offscreen_canvas.mbt": {
          "backend": [
            "Wasm",
            "WasmGC",
            "Js",
            "Native",
            "LLVM"
          ],
          "optlevel": [
            "Debug",
            "Release"
          ]
        },
        "E:\\VScodeProject\\Python\\moonbit\\selene\\examples\\pixeladventure\\.mooncakes\\Yoorkin\\rabbit-tea\\src\\dom\\path2d.mbt": {
          "backend": [
            "Wasm",
            "WasmGC",
            "Js",
            "Native",
            "LLVM"
          ],
          "optlevel": [
            "Debug",
            "Release"
          ]
        },
        "E:\\VScodeProject\\Python\\moonbit\\selene\\examples\\pixeladventure\\.mooncakes\\Yoorkin\\rabbit-tea\\src\\dom\\svg_element.mbt": {
          "backend": [
            "Wasm",
            "WasmGC",
            "Js",
            "Native",
            "LLVM"
          ],
          "optlevel": [
            "Debug",
            "Release"
          ]
        },
        "E:\\VScodeProject\\Python\\moonbit\\selene\\examples\\pixeladventure\\.mooncakes\\Yoorkin\\rabbit-tea\\src\\dom\\svg_graphics_element.mbt": {
          "backend": [
            "Wasm",
            "WasmGC",
            "Js",
            "Native",
            "LLVM"
          ],
          "optlevel": [
            "Debug",
            "Release"
          ]
        },
        "E:\\VScodeProject\\Python\\moonbit\\selene\\examples\\pixeladventure\\.mooncakes\\Yoorkin\\rabbit-tea\\src\\dom\\svg_image_element.mbt": {
          "backend": [
            "Wasm",
            "WasmGC",
            "Js",
            "Native",
            "LLVM"
          ],
          "optlevel": [
            "Debug",
            "Release"
          ]
        },
        "E:\\VScodeProject\\Python\\moonbit\\selene\\examples\\pixeladventure\\.mooncakes\\Yoorkin\\rabbit-tea\\src\\dom\\text.mbt": {
          "backend": [
            "Wasm",
            "WasmGC",
            "Js",
            "Native",
            "LLVM"
          ],
          "optlevel": [
            "Debug",
            "Release"
          ]
        },
        "E:\\VScodeProject\\Python\\moonbit\\selene\\examples\\pixeladventure\\.mooncakes\\Yoorkin\\rabbit-tea\\src\\dom\\uint8_clamped_array.mbt": {
          "backend": [
            "Wasm",
            "WasmGC",
            "Js",
            "Native",
            "LLVM"
          ],
          "optlevel": [
            "Debug",
            "Release"
          ]
        },
        "E:\\VScodeProject\\Python\\moonbit\\selene\\examples\\pixeladventure\\.mooncakes\\Yoorkin\\rabbit-tea\\src\\dom\\ui_event.mbt": {
          "backend": [
            "Wasm",
            "WasmGC",
            "Js",
            "Native",
            "LLVM"
          ],
          "optlevel": [
            "Debug",
            "Release"
          ]
        },
        "E:\\VScodeProject\\Python\\moonbit\\selene\\examples\\pixeladventure\\.mooncakes\\Yoorkin\\rabbit-tea\\src\\dom\\video_frame.mbt": {
          "backend": [
            "Wasm",
            "WasmGC",
            "Js",
            "Native",
            "LLVM"
          ],
          "optlevel": [
            "Debug",
            "Release"
          ]
        },
        "E:\\VScodeProject\\Python\\moonbit\\selene\\examples\\pixeladventure\\.mooncakes\\Yoorkin\\rabbit-tea\\src\\dom\\webgl2_rendering_context.mbt": {
          "backend": [
            "Wasm",
            "WasmGC",
            "Js",
            "Native",
            "LLVM"
          ],
          "optlevel": [
            "Debug",
            "Release"
          ]
        },
        "E:\\VScodeProject\\Python\\moonbit\\selene\\examples\\pixeladventure\\.mooncakes\\Yoorkin\\rabbit-tea\\src\\dom\\webgl_rendering_context.mbt": {
          "backend": [
            "Wasm",
            "WasmGC",
            "Js",
            "Native",
            "LLVM"
          ],
          "optlevel": [
            "Debug",
            "Release"
          ]
        },
        "E:\\VScodeProject\\Python\\moonbit\\selene\\examples\\pixeladventure\\.mooncakes\\Yoorkin\\rabbit-tea\\src\\dom\\wheel_event.mbt": {
          "backend": [
            "Wasm",
            "WasmGC",
            "Js",
            "Native",
            "LLVM"
          ],
          "optlevel": [
            "Debug",
            "Release"
          ]
        },
        "E:\\VScodeProject\\Python\\moonbit\\selene\\examples\\pixeladventure\\.mooncakes\\Yoorkin\\rabbit-tea\\src\\dom\\window.mbt": {
          "backend": [
            "Wasm",
            "WasmGC",
            "Js",
            "Native",
            "LLVM"
          ],
          "optlevel": [
            "Debug",
            "Release"
          ]
        }
      },
      "wbtest-files": {},
      "test-files": {},
      "mbt-md-files": {},
      "deps": [
        {
          "path": "rami3l/js-ffi/js",
          "alias": "js",
          "fspath": "E:\\VScodeProject\\Python\\moonbit\\selene\\examples\\pixeladventure\\.mooncakes\\Yoorkin\\rabbit-tea\\.mooncakes\\rami3l\\js-ffi\\src\\js"
        }
      ],
      "wbtest-deps": [],
      "test-deps": [],
      "artifact": "E:\\VScodeProject\\Python\\moonbit\\selene\\examples\\pixeladventure\\.mooncakes\\Yoorkin\\rabbit-tea\\target\\js\\release\\check\\dom\\dom.mi"
    },
    {
      "is-main": false,
      "is-third-party": false,
      "root-path": "E:\\VScodeProject\\Python\\moonbit\\selene\\examples\\pixeladventure\\.mooncakes\\Yoorkin\\rabbit-tea\\src\\experimental\\html",
      "root": "Yoorkin/rabbit-tea",
      "rel": "experimental/html",
      "files": {
        "E:\\VScodeProject\\Python\\moonbit\\selene\\examples\\pixeladventure\\.mooncakes\\Yoorkin\\rabbit-tea\\src\\experimental\\html\\attributes.mbt": {
          "backend": [
            "Wasm",
            "WasmGC",
            "Js",
            "Native",
            "LLVM"
          ],
          "optlevel": [
            "Debug",
            "Release"
          ]
        },
        "E:\\VScodeProject\\Python\\moonbit\\selene\\examples\\pixeladventure\\.mooncakes\\Yoorkin\\rabbit-tea\\src\\experimental\\html\\event.mbt": {
          "backend": [
            "Wasm",
            "WasmGC",
            "Js",
            "Native",
            "LLVM"
          ],
          "optlevel": [
            "Debug",
            "Release"
          ]
        },
        "E:\\VScodeProject\\Python\\moonbit\\selene\\examples\\pixeladventure\\.mooncakes\\Yoorkin\\rabbit-tea\\src\\experimental\\html\\generated.mbt": {
          "backend": [
            "Wasm",
            "WasmGC",
            "Js",
            "Native",
            "LLVM"
          ],
          "optlevel": [
            "Debug",
            "Release"
          ]
        },
        "E:\\VScodeProject\\Python\\moonbit\\selene\\examples\\pixeladventure\\.mooncakes\\Yoorkin\\rabbit-tea\\src\\experimental\\html\\html.mbt": {
          "backend": [
            "Wasm",
            "WasmGC",
            "Js",
            "Native",
            "LLVM"
          ],
          "optlevel": [
            "Debug",
            "Release"
          ]
        }
      },
      "wbtest-files": {},
      "test-files": {},
      "mbt-md-files": {},
      "deps": [
        {
          "path": "Yoorkin/rabbit-tea/internal/vdom",
          "alias": "vdom",
          "fspath": "E:\\VScodeProject\\Python\\moonbit\\selene\\examples\\pixeladventure\\.mooncakes\\Yoorkin\\rabbit-tea\\src\\internal\\vdom"
        },
        {
          "path": "Yoorkin/rabbit-tea/dom",
          "alias": "dom",
          "fspath": "E:\\VScodeProject\\Python\\moonbit\\selene\\examples\\pixeladventure\\.mooncakes\\Yoorkin\\rabbit-tea\\src\\dom"
        },
        {
          "path": "Yoorkin/rabbit-tea/variant",
          "alias": "variant",
          "fspath": "E:\\VScodeProject\\Python\\moonbit\\selene\\examples\\pixeladventure\\.mooncakes\\Yoorkin\\rabbit-tea\\src\\variant"
        },
        {
          "path": "Yoorkin/rabbit-tea/html",
          "alias": "legacy_html",
          "fspath": "E:\\VScodeProject\\Python\\moonbit\\selene\\examples\\pixeladventure\\.mooncakes\\Yoorkin\\rabbit-tea\\src\\html"
        }
      ],
      "wbtest-deps": [],
      "test-deps": [],
      "artifact": "E:\\VScodeProject\\Python\\moonbit\\selene\\examples\\pixeladventure\\.mooncakes\\Yoorkin\\rabbit-tea\\target\\js\\release\\check\\experimental\\html\\html.mi"
    },
    {
      "is-main": false,
      "is-third-party": false,
      "root-path": "E:\\VScodeProject\\Python\\moonbit\\selene\\examples\\pixeladventure\\.mooncakes\\Yoorkin\\rabbit-tea\\src\\experimental\\html\\canvas",
      "root": "Yoorkin/rabbit-tea",
      "rel": "experimental/html/canvas",
      "files": {
        "E:\\VScodeProject\\Python\\moonbit\\selene\\examples\\pixeladventure\\.mooncakes\\Yoorkin\\rabbit-tea\\src\\experimental\\html\\canvas\\canvas.mbt": {
          "backend": [
            "Wasm",
            "WasmGC",
            "Js",
            "Native",
            "LLVM"
          ],
          "optlevel": [
            "Debug",
            "Release"
          ]
        },
        "E:\\VScodeProject\\Python\\moonbit\\selene\\examples\\pixeladventure\\.mooncakes\\Yoorkin\\rabbit-tea\\src\\experimental\\html\\canvas\\context2d.mbt": {
          "backend": [
            "Wasm",
            "WasmGC",
            "Js",
            "Native",
            "LLVM"
          ],
          "optlevel": [
            "Debug",
            "Release"
          ]
        }
      },
      "wbtest-files": {},
      "test-files": {},
      "mbt-md-files": {},
      "deps": [
        {
          "path": "Yoorkin/rabbit-tea/dom",
          "alias": "dom",
          "fspath": "E:\\VScodeProject\\Python\\moonbit\\selene\\examples\\pixeladventure\\.mooncakes\\Yoorkin\\rabbit-tea\\src\\dom"
        },
        {
          "path": "rami3l/js-ffi/js",
          "alias": "js",
          "fspath": "E:\\VScodeProject\\Python\\moonbit\\selene\\examples\\pixeladventure\\.mooncakes\\Yoorkin\\rabbit-tea\\.mooncakes\\rami3l\\js-ffi\\src\\js"
        },
        {
          "path": "Yoorkin/rabbit-tea/html",
          "alias": "html",
          "fspath": "E:\\VScodeProject\\Python\\moonbit\\selene\\examples\\pixeladventure\\.mooncakes\\Yoorkin\\rabbit-tea\\src\\html"
        }
      ],
      "wbtest-deps": [],
      "test-deps": [],
      "artifact": "E:\\VScodeProject\\Python\\moonbit\\selene\\examples\\pixeladventure\\.mooncakes\\Yoorkin\\rabbit-tea\\target\\js\\release\\check\\experimental\\html\\canvas\\canvas.mi"
    },
    {
      "is-main": true,
      "is-third-party": false,
      "root-path": "E:\\VScodeProject\\Python\\moonbit\\selene\\examples\\pixeladventure\\.mooncakes\\Yoorkin\\rabbit-tea\\src\\experimental\\html\\internal\\codegen",
      "root": "Yoorkin/rabbit-tea",
      "rel": "experimental/html/internal/codegen",
      "files": {
        "E:\\VScodeProject\\Python\\moonbit\\selene\\examples\\pixeladventure\\.mooncakes\\Yoorkin\\rabbit-tea\\src\\experimental\\html\\internal\\codegen\\generator.mbt": {
          "backend": [
            "Wasm",
            "WasmGC",
            "Js",
            "Native",
            "LLVM"
          ],
          "optlevel": [
            "Debug",
            "Release"
          ]
        },
        "E:\\VScodeProject\\Python\\moonbit\\selene\\examples\\pixeladventure\\.mooncakes\\Yoorkin\\rabbit-tea\\src\\experimental\\html\\internal\\codegen\\metainfo.mbt": {
          "backend": [
            "Wasm",
            "WasmGC",
            "Js",
            "Native",
            "LLVM"
          ],
          "optlevel": [
            "Debug",
            "Release"
          ]
        }
      },
      "wbtest-files": {},
      "test-files": {},
      "mbt-md-files": {},
      "deps": [],
      "wbtest-deps": [],
      "test-deps": [],
      "artifact": "E:\\VScodeProject\\Python\\moonbit\\selene\\examples\\pixeladventure\\.mooncakes\\Yoorkin\\rabbit-tea\\target\\js\\release\\check\\experimental\\html\\internal\\codegen\\codegen.mi"
    },
    {
      "is-main": false,
      "is-third-party": false,
      "root-path": "E:\\VScodeProject\\Python\\moonbit\\selene\\examples\\pixeladventure\\.mooncakes\\Yoorkin\\rabbit-tea\\src\\html",
      "root": "Yoorkin/rabbit-tea",
      "rel": "html",
      "files": {
        "E:\\VScodeProject\\Python\\moonbit\\selene\\examples\\pixeladventure\\.mooncakes\\Yoorkin\\rabbit-tea\\src\\html\\attributes.mbt": {
          "backend": [
            "Wasm",
            "WasmGC",
            "Js",
            "Native",
            "LLVM"
          ],
          "optlevel": [
            "Debug",
            "Release"
          ]
        },
        "E:\\VScodeProject\\Python\\moonbit\\selene\\examples\\pixeladventure\\.mooncakes\\Yoorkin\\rabbit-tea\\src\\html\\event.mbt": {
          "backend": [
            "Wasm",
            "WasmGC",
            "Js",
            "Native",
            "LLVM"
          ],
          "optlevel": [
            "Debug",
            "Release"
          ]
        },
        "E:\\VScodeProject\\Python\\moonbit\\selene\\examples\\pixeladventure\\.mooncakes\\Yoorkin\\rabbit-tea\\src\\html\\html.mbt": {
          "backend": [
            "Wasm",
            "WasmGC",
            "Js",
            "Native",
            "LLVM"
          ],
          "optlevel": [
            "Debug",
            "Release"
          ]
        }
      },
      "wbtest-files": {},
      "test-files": {},
      "mbt-md-files": {},
      "deps": [
        {
          "path": "Yoorkin/rabbit-tea/internal/vdom",
          "alias": "vdom",
          "fspath": "E:\\VScodeProject\\Python\\moonbit\\selene\\examples\\pixeladventure\\.mooncakes\\Yoorkin\\rabbit-tea\\src\\internal\\vdom"
        },
        {
          "path": "Yoorkin/rabbit-tea/dom",
          "alias": "dom",
          "fspath": "E:\\VScodeProject\\Python\\moonbit\\selene\\examples\\pixeladventure\\.mooncakes\\Yoorkin\\rabbit-tea\\src\\dom"
        },
        {
          "path": "Yoorkin/rabbit-tea/variant",
          "alias": "variant",
          "fspath": "E:\\VScodeProject\\Python\\moonbit\\selene\\examples\\pixeladventure\\.mooncakes\\Yoorkin\\rabbit-tea\\src\\variant"
        }
      ],
      "wbtest-deps": [],
      "test-deps": [],
      "artifact": "E:\\VScodeProject\\Python\\moonbit\\selene\\examples\\pixeladventure\\.mooncakes\\Yoorkin\\rabbit-tea\\target\\js\\release\\check\\html\\html.mi"
    },
    {
      "is-main": false,
      "is-third-party": false,
      "root-path": "E:\\VScodeProject\\Python\\moonbit\\selene\\examples\\pixeladventure\\.mooncakes\\Yoorkin\\rabbit-tea\\src\\html\\canvas",
      "root": "Yoorkin/rabbit-tea",
      "rel": "html/canvas",
      "files": {
        "E:\\VScodeProject\\Python\\moonbit\\selene\\examples\\pixeladventure\\.mooncakes\\Yoorkin\\rabbit-tea\\src\\html\\canvas\\canvas.mbt": {
          "backend": [
            "Wasm",
            "WasmGC",
            "Js",
            "Native",
            "LLVM"
          ],
          "optlevel": [
            "Debug",
            "Release"
          ]
        },
        "E:\\VScodeProject\\Python\\moonbit\\selene\\examples\\pixeladventure\\.mooncakes\\Yoorkin\\rabbit-tea\\src\\html\\canvas\\context2d.mbt": {
          "backend": [
            "Wasm",
            "WasmGC",
            "Js",
            "Native",
            "LLVM"
          ],
          "optlevel": [
            "Debug",
            "Release"
          ]
        }
      },
      "wbtest-files": {},
      "test-files": {},
      "mbt-md-files": {},
      "deps": [
        {
          "path": "Yoorkin/rabbit-tea/dom",
          "alias": "dom",
          "fspath": "E:\\VScodeProject\\Python\\moonbit\\selene\\examples\\pixeladventure\\.mooncakes\\Yoorkin\\rabbit-tea\\src\\dom"
        },
        {
          "path": "rami3l/js-ffi/js",
          "alias": "js",
          "fspath": "E:\\VScodeProject\\Python\\moonbit\\selene\\examples\\pixeladventure\\.mooncakes\\Yoorkin\\rabbit-tea\\.mooncakes\\rami3l\\js-ffi\\src\\js"
        },
        {
          "path": "Yoorkin/rabbit-tea/html",
          "alias": "html",
          "fspath": "E:\\VScodeProject\\Python\\moonbit\\selene\\examples\\pixeladventure\\.mooncakes\\Yoorkin\\rabbit-tea\\src\\html"
        }
      ],
      "wbtest-deps": [],
      "test-deps": [],
      "artifact": "E:\\VScodeProject\\Python\\moonbit\\selene\\examples\\pixeladventure\\.mooncakes\\Yoorkin\\rabbit-tea\\target\\js\\release\\check\\html\\canvas\\canvas.mi"
    },
    {
      "is-main": false,
      "is-third-party": false,
      "root-path": "E:\\VScodeProject\\Python\\moonbit\\selene\\examples\\pixeladventure\\.mooncakes\\Yoorkin\\rabbit-tea\\src\\http",
      "root": "Yoorkin/rabbit-tea",
      "rel": "http",
      "files": {
        "E:\\VScodeProject\\Python\\moonbit\\selene\\examples\\pixeladventure\\.mooncakes\\Yoorkin\\rabbit-tea\\src\\http\\http.mbt": {
          "backend": [
            "Wasm",
            "WasmGC",
            "Js",
            "Native",
            "LLVM"
          ],
          "optlevel": [
            "Debug",
            "Release"
          ]
        }
      },
      "wbtest-files": {},
      "test-files": {},
      "mbt-md-files": {},
      "deps": [
        {
          "path": "Yoorkin/rabbit-tea/cmd",
          "alias": "cmd",
          "fspath": "E:\\VScodeProject\\Python\\moonbit\\selene\\examples\\pixeladventure\\.mooncakes\\Yoorkin\\rabbit-tea\\src\\cmd"
        }
      ],
      "wbtest-deps": [],
      "test-deps": [],
      "artifact": "E:\\VScodeProject\\Python\\moonbit\\selene\\examples\\pixeladventure\\.mooncakes\\Yoorkin\\rabbit-tea\\target\\js\\release\\check\\http\\http.mi"
    },
    {
      "is-main": false,
      "is-third-party": false,
      "root-path": "E:\\VScodeProject\\Python\\moonbit\\selene\\examples\\pixeladventure\\.mooncakes\\Yoorkin\\rabbit-tea\\src\\internal\\browser",
      "root": "Yoorkin/rabbit-tea",
      "rel": "internal/browser",
      "files": {
        "E:\\VScodeProject\\Python\\moonbit\\selene\\examples\\pixeladventure\\.mooncakes\\Yoorkin\\rabbit-tea\\src\\internal\\browser\\command.mbt": {
          "backend": [
            "Wasm",
            "WasmGC",
            "Js",
            "Native",
            "LLVM"
          ],
          "optlevel": [
            "Debug",
            "Release"
          ]
        },
        "E:\\VScodeProject\\Python\\moonbit\\selene\\examples\\pixeladventure\\.mooncakes\\Yoorkin\\rabbit-tea\\src\\internal\\browser\\sandbox.mbt": {
          "backend": [
            "Wasm",
            "WasmGC",
            "Js",
            "Native",
            "LLVM"
          ],
          "optlevel": [
            "Debug",
            "Release"
          ]
        }
      },
      "wbtest-files": {},
      "test-files": {},
      "mbt-md-files": {},
      "deps": [
        {
          "path": "Yoorkin/rabbit-tea/url",
          "alias": "url",
          "fspath": "E:\\VScodeProject\\Python\\moonbit\\selene\\examples\\pixeladventure\\.mooncakes\\Yoorkin\\rabbit-tea\\src\\url"
        },
        {
          "path": "Yoorkin/rabbit-tea/dom",
          "alias": "dom",
          "fspath": "E:\\VScodeProject\\Python\\moonbit\\selene\\examples\\pixeladventure\\.mooncakes\\Yoorkin\\rabbit-tea\\src\\dom"
        },
        {
          "path": "Yoorkin/rabbit-tea/cmd",
          "alias": "cmd",
          "fspath": "E:\\VScodeProject\\Python\\moonbit\\selene\\examples\\pixeladventure\\.mooncakes\\Yoorkin\\rabbit-tea\\src\\cmd"
        }
      ],
      "wbtest-deps": [],
      "test-deps": [],
      "artifact": "E:\\VScodeProject\\Python\\moonbit\\selene\\examples\\pixeladventure\\.mooncakes\\Yoorkin\\rabbit-tea\\target\\js\\release\\check\\internal\\browser\\browser.mi"
    },
    {
      "is-main": false,
      "is-third-party": false,
      "root-path": "E:\\VScodeProject\\Python\\moonbit\\selene\\examples\\pixeladventure\\.mooncakes\\Yoorkin\\rabbit-tea\\src\\internal\\ffi",
      "root": "Yoorkin/rabbit-tea",
      "rel": "internal/ffi",
      "files": {
        "E:\\VScodeProject\\Python\\moonbit\\selene\\examples\\pixeladventure\\.mooncakes\\Yoorkin\\rabbit-tea\\src\\internal\\ffi\\utils.mbt": {
          "backend": [
            "Wasm",
            "WasmGC",
            "Js",
            "Native",
            "LLVM"
          ],
          "optlevel": [
            "Debug",
            "Release"
          ]
        }
      },
      "wbtest-files": {},
      "test-files": {},
      "mbt-md-files": {},
      "deps": [],
      "wbtest-deps": [],
      "test-deps": [],
      "artifact": "E:\\VScodeProject\\Python\\moonbit\\selene\\examples\\pixeladventure\\.mooncakes\\Yoorkin\\rabbit-tea\\target\\js\\release\\check\\internal\\ffi\\ffi.mi"
    },
    {
      "is-main": false,
      "is-third-party": false,
      "root-path": "E:\\VScodeProject\\Python\\moonbit\\selene\\examples\\pixeladventure\\.mooncakes\\Yoorkin\\rabbit-tea\\src\\internal\\vdom",
      "root": "Yoorkin/rabbit-tea",
      "rel": "internal/vdom",
      "files": {
        "E:\\VScodeProject\\Python\\moonbit\\selene\\examples\\pixeladventure\\.mooncakes\\Yoorkin\\rabbit-tea\\src\\internal\\vdom\\dom.mbt": {
          "backend": [
            "Wasm",
            "WasmGC",
            "Js",
            "Native",
            "LLVM"
          ],
          "optlevel": [
            "Debug",
            "Release"
          ]
        },
        "E:\\VScodeProject\\Python\\moonbit\\selene\\examples\\pixeladventure\\.mooncakes\\Yoorkin\\rabbit-tea\\src\\internal\\vdom\\show.mbt": {
          "backend": [
            "Wasm",
            "WasmGC",
            "Js",
            "Native",
            "LLVM"
          ],
          "optlevel": [
            "Debug",
            "Release"
          ]
        },
        "E:\\VScodeProject\\Python\\moonbit\\selene\\examples\\pixeladventure\\.mooncakes\\Yoorkin\\rabbit-tea\\src\\internal\\vdom\\test.mbt": {
          "backend": [
            "Wasm",
            "WasmGC",
            "Js",
            "Native",
            "LLVM"
          ],
          "optlevel": [
            "Debug",
            "Release"
          ]
        }
      },
      "wbtest-files": {},
      "test-files": {},
      "mbt-md-files": {},
      "deps": [
        {
          "path": "Yoorkin/rabbit-tea/internal/browser",
          "alias": "adapter",
          "fspath": "E:\\VScodeProject\\Python\\moonbit\\selene\\examples\\pixeladventure\\.mooncakes\\Yoorkin\\rabbit-tea\\src\\internal\\browser"
        },
        {
          "path": "Yoorkin/rabbit-tea/dom",
          "alias": "dom",
          "fspath": "E:\\VScodeProject\\Python\\moonbit\\selene\\examples\\pixeladventure\\.mooncakes\\Yoorkin\\rabbit-tea\\src\\dom"
        },
        {
          "path": "Yoorkin/rabbit-tea/url",
          "alias": "url",
          "fspath": "E:\\VScodeProject\\Python\\moonbit\\selene\\examples\\pixeladventure\\.mooncakes\\Yoorkin\\rabbit-tea\\src\\url"
        },
        {
          "path": "Yoorkin/rabbit-tea/variant",
          "alias": "variant",
          "fspath": "E:\\VScodeProject\\Python\\moonbit\\selene\\examples\\pixeladventure\\.mooncakes\\Yoorkin\\rabbit-tea\\src\\variant"
        },
        {
          "path": "rami3l/js-ffi/js",
          "alias": "js",
          "fspath": "E:\\VScodeProject\\Python\\moonbit\\selene\\examples\\pixeladventure\\.mooncakes\\Yoorkin\\rabbit-tea\\.mooncakes\\rami3l\\js-ffi\\src\\js"
        }
      ],
      "wbtest-deps": [],
      "test-deps": [],
      "artifact": "E:\\VScodeProject\\Python\\moonbit\\selene\\examples\\pixeladventure\\.mooncakes\\Yoorkin\\rabbit-tea\\target\\js\\release\\check\\internal\\vdom\\vdom.mi"
    },
    {
      "is-main": false,
      "is-third-party": false,
      "root-path": "E:\\VScodeProject\\Python\\moonbit\\selene\\examples\\pixeladventure\\.mooncakes\\Yoorkin\\rabbit-tea\\src\\nav",
      "root": "Yoorkin/rabbit-tea",
      "rel": "nav",
      "files": {
        "E:\\VScodeProject\\Python\\moonbit\\selene\\examples\\pixeladventure\\.mooncakes\\Yoorkin\\rabbit-tea\\src\\nav\\aliases.mbt": {
          "backend": [
            "Wasm",
            "WasmGC",
            "Js",
            "Native",
            "LLVM"
          ],
          "optlevel": [
            "Debug",
            "Release"
          ]
        },
        "E:\\VScodeProject\\Python\\moonbit\\selene\\examples\\pixeladventure\\.mooncakes\\Yoorkin\\rabbit-tea\\src\\nav\\navigation.mbt": {
          "backend": [
            "Wasm",
            "WasmGC",
            "Js",
            "Native",
            "LLVM"
          ],
          "optlevel": [
            "Debug",
            "Release"
          ]
        },
        "E:\\VScodeProject\\Python\\moonbit\\selene\\examples\\pixeladventure\\.mooncakes\\Yoorkin\\rabbit-tea\\src\\nav\\scroll.mbt": {
          "backend": [
            "Wasm",
            "WasmGC",
            "Js",
            "Native",
            "LLVM"
          ],
          "optlevel": [
            "Debug",
            "Release"
          ]
        }
      },
      "wbtest-files": {},
      "test-files": {},
      "mbt-md-files": {},
      "deps": [
        {
          "path": "Yoorkin/rabbit-tea/cmd",
          "alias": "cmd",
          "fspath": "E:\\VScodeProject\\Python\\moonbit\\selene\\examples\\pixeladventure\\.mooncakes\\Yoorkin\\rabbit-tea\\src\\cmd"
        },
        {
          "path": "Yoorkin/rabbit-tea/url",
          "alias": "url",
          "fspath": "E:\\VScodeProject\\Python\\moonbit\\selene\\examples\\pixeladventure\\.mooncakes\\Yoorkin\\rabbit-tea\\src\\url"
        },
        {
          "path": "Yoorkin/rabbit-tea/dom",
          "alias": "dom",
          "fspath": "E:\\VScodeProject\\Python\\moonbit\\selene\\examples\\pixeladventure\\.mooncakes\\Yoorkin\\rabbit-tea\\src\\dom"
        },
        {
          "path": "rami3l/js-ffi/js",
          "alias": "js",
          "fspath": "E:\\VScodeProject\\Python\\moonbit\\selene\\examples\\pixeladventure\\.mooncakes\\Yoorkin\\rabbit-tea\\.mooncakes\\rami3l\\js-ffi\\src\\js"
        }
      ],
      "wbtest-deps": [],
      "test-deps": [],
      "artifact": "E:\\VScodeProject\\Python\\moonbit\\selene\\examples\\pixeladventure\\.mooncakes\\Yoorkin\\rabbit-tea\\target\\js\\release\\check\\nav\\nav.mi"
    },
    {
      "is-main": false,
      "is-third-party": false,
      "root-path": "E:\\VScodeProject\\Python\\moonbit\\selene\\examples\\pixeladventure\\.mooncakes\\Yoorkin\\rabbit-tea\\src\\svg",
      "root": "Yoorkin/rabbit-tea",
      "rel": "svg",
      "files": {
        "E:\\VScodeProject\\Python\\moonbit\\selene\\examples\\pixeladventure\\.mooncakes\\Yoorkin\\rabbit-tea\\src\\svg\\svg.mbt": {
          "backend": [
            "Wasm",
            "WasmGC",
            "Js",
            "Native",
            "LLVM"
          ],
          "optlevel": [
            "Debug",
            "Release"
          ]
        }
      },
      "wbtest-files": {},
      "test-files": {},
      "mbt-md-files": {},
      "deps": [
        {
          "path": "Yoorkin/rabbit-tea/internal/vdom",
          "alias": "vdom",
          "fspath": "E:\\VScodeProject\\Python\\moonbit\\selene\\examples\\pixeladventure\\.mooncakes\\Yoorkin\\rabbit-tea\\src\\internal\\vdom"
        },
        {
          "path": "Yoorkin/rabbit-tea/variant",
          "alias": "variant",
          "fspath": "E:\\VScodeProject\\Python\\moonbit\\selene\\examples\\pixeladventure\\.mooncakes\\Yoorkin\\rabbit-tea\\src\\variant"
        },
        {
          "path": "Yoorkin/rabbit-tea/dom",
          "alias": "dom",
          "fspath": "E:\\VScodeProject\\Python\\moonbit\\selene\\examples\\pixeladventure\\.mooncakes\\Yoorkin\\rabbit-tea\\src\\dom"
        },
        {
          "path": "Yoorkin/rabbit-tea/html",
          "alias": "html",
          "fspath": "E:\\VScodeProject\\Python\\moonbit\\selene\\examples\\pixeladventure\\.mooncakes\\Yoorkin\\rabbit-tea\\src\\html"
        }
      ],
      "wbtest-deps": [],
      "test-deps": [],
      "artifact": "E:\\VScodeProject\\Python\\moonbit\\selene\\examples\\pixeladventure\\.mooncakes\\Yoorkin\\rabbit-tea\\target\\js\\release\\check\\svg\\svg.mi"
    },
    {
      "is-main": false,
      "is-third-party": false,
      "root-path": "E:\\VScodeProject\\Python\\moonbit\\selene\\examples\\pixeladventure\\.mooncakes\\Yoorkin\\rabbit-tea\\src\\url",
      "root": "Yoorkin/rabbit-tea",
      "rel": "url",
      "files": {
        "E:\\VScodeProject\\Python\\moonbit\\selene\\examples\\pixeladventure\\.mooncakes\\Yoorkin\\rabbit-tea\\src\\url\\url.mbt": {
          "backend": [
            "Wasm",
            "WasmGC",
            "Js",
            "Native",
            "LLVM"
          ],
          "optlevel": [
            "Debug",
            "Release"
          ]
        }
      },
      "wbtest-files": {},
      "test-files": {
        "E:\\VScodeProject\\Python\\moonbit\\selene\\examples\\pixeladventure\\.mooncakes\\Yoorkin\\rabbit-tea\\src\\url\\url_test.mbt": {
          "backend": [
            "Wasm",
            "WasmGC",
            "Js",
            "Native",
            "LLVM"
          ],
          "optlevel": [
            "Debug",
            "Release"
          ]
        }
      },
      "mbt-md-files": {},
      "deps": [],
      "wbtest-deps": [],
      "test-deps": [],
      "artifact": "E:\\VScodeProject\\Python\\moonbit\\selene\\examples\\pixeladventure\\.mooncakes\\Yoorkin\\rabbit-tea\\target\\js\\release\\check\\url\\url.mi"
    },
    {
      "is-main": false,
      "is-third-party": false,
      "root-path": "E:\\VScodeProject\\Python\\moonbit\\selene\\examples\\pixeladventure\\.mooncakes\\Yoorkin\\rabbit-tea\\src\\variant",
      "root": "Yoorkin/rabbit-tea",
      "rel": "variant",
      "files": {
        "E:\\VScodeProject\\Python\\moonbit\\selene\\examples\\pixeladventure\\.mooncakes\\Yoorkin\\rabbit-tea\\src\\variant\\variant.mbt": {
          "backend": [
            "Wasm",
            "WasmGC",
            "Js",
            "Native",
            "LLVM"
          ],
          "optlevel": [
            "Debug",
            "Release"
          ]
        }
      },
      "wbtest-files": {},
      "test-files": {},
      "mbt-md-files": {},
      "deps": [],
      "wbtest-deps": [],
      "test-deps": [],
      "artifact": "E:\\VScodeProject\\Python\\moonbit\\selene\\examples\\pixeladventure\\.mooncakes\\Yoorkin\\rabbit-tea\\target\\js\\release\\check\\variant\\variant.mi"
    },
    {
      "is-main": false,
      "is-third-party": true,
      "root-path": "E:\\VScodeProject\\Python\\moonbit\\selene\\examples\\pixeladventure\\.mooncakes\\Yoorkin\\rabbit-tea\\.mooncakes\\rami3l\\js-ffi\\src\\js",
      "root": "rami3l/js-ffi",
      "rel": "js",
      "files": {
        "E:\\VScodeProject\\Python\\moonbit\\selene\\examples\\pixeladventure\\.mooncakes\\Yoorkin\\rabbit-tea\\.mooncakes\\rami3l\\js-ffi\\src\\js\\async.mbt": {
          "backend": [
            "Wasm",
            "WasmGC",
            "Js",
            "Native",
            "LLVM"
          ],
          "optlevel": [
            "Debug",
            "Release"
          ]
        },
        "E:\\VScodeProject\\Python\\moonbit\\selene\\examples\\pixeladventure\\.mooncakes\\Yoorkin\\rabbit-tea\\.mooncakes\\rami3l\\js-ffi\\src\\js\\cast.mbt": {
          "backend": [
            "Wasm",
            "WasmGC",
            "Js",
            "Native",
            "LLVM"
          ],
          "optlevel": [
            "Debug",
            "Release"
          ]
        },
        "E:\\VScodeProject\\Python\\moonbit\\selene\\examples\\pixeladventure\\.mooncakes\\Yoorkin\\rabbit-tea\\.mooncakes\\rami3l\\js-ffi\\src\\js\\error.mbt": {
          "backend": [
            "Wasm",
            "WasmGC",
            "Js",
            "Native",
            "LLVM"
          ],
          "optlevel": [
            "Debug",
            "Release"
          ]
        },
        "E:\\VScodeProject\\Python\\moonbit\\selene\\examples\\pixeladventure\\.mooncakes\\Yoorkin\\rabbit-tea\\.mooncakes\\rami3l\\js-ffi\\src\\js\\null.mbt": {
          "backend": [
            "Wasm",
            "WasmGC",
            "Js",
            "Native",
            "LLVM"
          ],
          "optlevel": [
            "Debug",
            "Release"
          ]
        },
        "E:\\VScodeProject\\Python\\moonbit\\selene\\examples\\pixeladventure\\.mooncakes\\Yoorkin\\rabbit-tea\\.mooncakes\\rami3l\\js-ffi\\src\\js\\object.mbt": {
          "backend": [
            "Wasm",
            "WasmGC",
            "Js",
            "Native",
            "LLVM"
          ],
          "optlevel": [
            "Debug",
            "Release"
          ]
        },
        "E:\\VScodeProject\\Python\\moonbit\\selene\\examples\\pixeladventure\\.mooncakes\\Yoorkin\\rabbit-tea\\.mooncakes\\rami3l\\js-ffi\\src\\js\\optional.mbt": {
          "backend": [
            "Wasm",
            "WasmGC",
            "Js",
            "Native",
            "LLVM"
          ],
          "optlevel": [
            "Debug",
            "Release"
          ]
        },
        "E:\\VScodeProject\\Python\\moonbit\\selene\\examples\\pixeladventure\\.mooncakes\\Yoorkin\\rabbit-tea\\.mooncakes\\rami3l\\js-ffi\\src\\js\\require.mbt": {
          "backend": [
            "Wasm",
            "WasmGC",
            "Js",
            "Native",
            "LLVM"
          ],
          "optlevel": [
            "Debug",
            "Release"
          ]
        },
        "E:\\VScodeProject\\Python\\moonbit\\selene\\examples\\pixeladventure\\.mooncakes\\Yoorkin\\rabbit-tea\\.mooncakes\\rami3l\\js-ffi\\src\\js\\symbol.mbt": {
          "backend": [
            "Wasm",
            "WasmGC",
            "Js",
            "Native",
            "LLVM"
          ],
          "optlevel": [
            "Debug",
            "Release"
          ]
        },
        "E:\\VScodeProject\\Python\\moonbit\\selene\\examples\\pixeladventure\\.mooncakes\\Yoorkin\\rabbit-tea\\.mooncakes\\rami3l\\js-ffi\\src\\js\\union.mbt": {
          "backend": [
            "Wasm",
            "WasmGC",
            "Js",
            "Native",
            "LLVM"
          ],
          "optlevel": [
            "Debug",
            "Release"
          ]
        },
        "E:\\VScodeProject\\Python\\moonbit\\selene\\examples\\pixeladventure\\.mooncakes\\Yoorkin\\rabbit-tea\\.mooncakes\\rami3l\\js-ffi\\src\\js\\value.mbt": {
          "backend": [
            "Wasm",
            "WasmGC",
            "Js",
            "Native",
            "LLVM"
          ],
          "optlevel": [
            "Debug",
            "Release"
          ]
        }
      },
      "wbtest-files": {},
      "test-files": {
        "E:\\VScodeProject\\Python\\moonbit\\selene\\examples\\pixeladventure\\.mooncakes\\Yoorkin\\rabbit-tea\\.mooncakes\\rami3l\\js-ffi\\src\\js\\async_test.mbt": {
          "backend": [
            "Wasm",
            "WasmGC",
            "Js",
            "Native",
            "LLVM"
          ],
          "optlevel": [
            "Debug",
            "Release"
          ]
        },
        "E:\\VScodeProject\\Python\\moonbit\\selene\\examples\\pixeladventure\\.mooncakes\\Yoorkin\\rabbit-tea\\.mooncakes\\rami3l\\js-ffi\\src\\js\\object_test.mbt": {
          "backend": [
            "Wasm",
            "WasmGC",
            "Js",
            "Native",
            "LLVM"
          ],
          "optlevel": [
            "Debug",
            "Release"
          ]
        },
        "E:\\VScodeProject\\Python\\moonbit\\selene\\examples\\pixeladventure\\.mooncakes\\Yoorkin\\rabbit-tea\\.mooncakes\\rami3l\\js-ffi\\src\\js\\value_test.mbt": {
          "backend": [
            "Wasm",
            "WasmGC",
            "Js",
            "Native",
            "LLVM"
          ],
          "optlevel": [
            "Debug",
            "Release"
          ]
        }
      },
      "mbt-md-files": {},
      "deps": [],
      "wbtest-deps": [],
      "test-deps": [],
      "artifact": "E:\\VScodeProject\\Python\\moonbit\\selene\\examples\\pixeladventure\\.mooncakes\\Yoorkin\\rabbit-tea\\target\\js\\release\\check\\.mooncakes\\rami3l/js-ffi\\js\\js.mi"
    }
  ],
  "deps": [
    "rami3l/js-ffi"
  ],
  "backend": "js",
  "opt_level": "release",
  "source": "src"
}