{"tileSize":16,"mapWidth":66,"mapHeight":26,"layers":[{"name":"Background_stone","tiles":[{"id":"53","x":21,"y":25},{"id":"54","x":22,"y":25},{"id":"55","x":23,"y":25},{"id":"53","x":24,"y":25},{"id":"54","x":25,"y":25},{"id":"55","x":26,"y":25},{"id":"53","x":27,"y":25},{"id":"54","x":28,"y":25},{"id":"55","x":29,"y":25},{"id":"53","x":30,"y":25},{"id":"54","x":31,"y":25},{"id":"55","x":32,"y":25},{"id":"53","x":33,"y":25},{"id":"54","x":34,"y":25},{"id":"55","x":35,"y":25},{"id":"53","x":36,"y":25},{"id":"54","x":37,"y":25},{"id":"55","x":38,"y":25},{"id":"53","x":39,"y":25},{"id":"54","x":40,"y":25},{"id":"55","x":41,"y":25},{"id":"56","x":22,"y":23},{"id":"57","x":23,"y":23},{"id":"58","x":22,"y":24},{"id":"59","x":23,"y":24},{"id":"56","x":25,"y":23},{"id":"57","x":26,"y":23},{"id":"58","x":25,"y":24},{"id":"59","x":26,"y":24},{"id":"56","x":28,"y":23},{"id":"57","x":29,"y":23},{"id":"58","x":28,"y":24},{"id":"59","x":29,"y":24},{"id":"56","x":31,"y":23},{"id":"57","x":32,"y":23},{"id":"58","x":31,"y":24},{"id":"59","x":32,"y":24},{"id":"56","x":34,"y":23},{"id":"57","x":35,"y":23},{"id":"58","x":34,"y":24},{"id":"59","x":35,"y":24},{"id":"56","x":37,"y":23},{"id":"57","x":38,"y":23},{"id":"58","x":37,"y":24},{"id":"59","x":38,"y":24},{"id":"56","x":40,"y":23},{"id":"57","x":41,"y":23},{"id":"58","x":40,"y":24},{"id":"59","x":41,"y":24},{"id":"53","x":42,"y":25},{"id":"54","x":43,"y":25},{"id":"55","x":44,"y":25},{"id":"53","x":45,"y":25},{"id":"54","x":46,"y":25},{"id":"55","x":47,"y":25},{"id":"53","x":48,"y":25},{"id":"54","x":49,"y":25},{"id":"55","x":50,"y":25},{"id":"53","x":51,"y":25},{"id":"54","x":52,"y":25},{"id":"55","x":53,"y":25},{"id":"53","x":54,"y":25},{"id":"54","x":55,"y":25},{"id":"55","x":56,"y":25},{"id":"53","x":57,"y":25},{"id":"54","x":58,"y":25},{"id":"55","x":59,"y":25},{"id":"53","x":60,"y":25},{"id":"54","x":61,"y":25},{"id":"55","x":62,"y":25},{"id":"53","x":63,"y":25},{"id":"54","x":64,"y":25},{"id":"55","x":65,"y":25},{"id":"56","x":43,"y":23},{"id":"57","x":44,"y":23},{"id":"58","x":43,"y":24},{"id":"59","x":44,"y":24},{"id":"56","x":46,"y":23},{"id":"57","x":47,"y":23},{"id":"58","x":46,"y":24},{"id":"59","x":47,"y":24},{"id":"56","x":49,"y":23},{"id":"57","x":50,"y":23},{"id":"58","x":49,"y":24},{"id":"59","x":50,"y":24},{"id":"56","x":52,"y":23},{"id":"57","x":53,"y":23},{"id":"58","x":52,"y":24},{"id":"59","x":53,"y":24},{"id":"56","x":55,"y":23},{"id":"57","x":56,"y":23},{"id":"58","x":55,"y":24},{"id":"59","x":56,"y":24},{"id":"56","x":58,"y":23},{"id":"57","x":59,"y":23},{"id":"58","x":58,"y":24},{"id":"59","x":59,"y":24},{"id":"56","x":61,"y":23},{"id":"57","x":62,"y":23},{"id":"58","x":61,"y":24},{"id":"59","x":62,"y":24},{"id":"56","x":64,"y":23},{"id":"57","x":65,"y":23},{"id":"58","x":64,"y":24},{"id":"59","x":65,"y":24},{"id":"60","x":21,"y":22},{"id":"61","x":21,"y":23},{"id":"62","x":21,"y":24},{"id":"60","x":24,"y":22},{"id":"61","x":24,"y":23},{"id":"62","x":24,"y":24},{"id":"60","x":27,"y":22},{"id":"61","x":27,"y":23},{"id":"62","x":27,"y":24},{"id":"61","x":30,"y":23},{"id":"62","x":30,"y":24},{"id":"61","x":33,"y":23},{"id":"62","x":33,"y":24},{"id":"60","x":36,"y":22},{"id":"61","x":36,"y":23},{"id":"62","x":36,"y":24},{"id":"60","x":39,"y":22},{"id":"61","x":39,"y":23},{"id":"62","x":39,"y":24},{"id":"60","x":42,"y":22},{"id":"61","x":42,"y":23},{"id":"62","x":42,"y":24},{"id":"60","x":45,"y":22},{"id":"61","x":45,"y":23},{"id":"62","x":45,"y":24},{"id":"60","x":48,"y":22},{"id":"61","x":48,"y":23},{"id":"62","x":48,"y":24},{"id":"60","x":51,"y":22},{"id":"61","x":51,"y":23},{"id":"62","x":51,"y":24},{"id":"60","x":54,"y":22},{"id":"61","x":54,"y":23},{"id":"62","x":54,"y":24},{"id":"60","x":57,"y":22},{"id":"61","x":57,"y":23},{"id":"62","x":57,"y":24},{"id":"60","x":63,"y":22},{"id":"61","x":63,"y":23},{"id":"62","x":63,"y":24},{"id":"60","x":60,"y":22},{"id":"61","x":60,"y":23},{"id":"62","x":60,"y":24},{"id":"63","x":22,"y":22},{"id":"63","x":23,"y":22},{"id":"63","x":25,"y":22},{"id":"63","x":26,"y":22},{"id":"63","x":28,"y":22},{"id":"63","x":38,"y":22},{"id":"63","x":37,"y":22},{"id":"63","x":40,"y":22},{"id":"63","x":41,"y":22},{"id":"63","x":43,"y":22},{"id":"63","x":44,"y":22},{"id":"63","x":46,"y":22},{"id":"63","x":47,"y":22},{"id":"63","x":49,"y":22},{"id":"63","x":50,"y":22},{"id":"63","x":52,"y":22},{"id":"63","x":53,"y":22},{"id":"63","x":55,"y":22},{"id":"63","x":56,"y":22},{"id":"63","x":58,"y":22},{"id":"63","x":59,"y":22},{"id":"63","x":61,"y":22},{"id":"63","x":62,"y":22},{"id":"63","x":64,"y":22},{"id":"53","x":21,"y":21},{"id":"54","x":22,"y":21},{"id":"54","x":23,"y":21},{"id":"54","x":24,"y":21},{"id":"54","x":25,"y":21},{"id":"54","x":26,"y":21},{"id":"54","x":27,"y":21},{"id":"54","x":28,"y":21},{"id":"54","x":29,"y":21},{"id":"63","x":35,"y":22},{"id":"63","x":34,"y":22},{"id":"60","x":33,"y":22},{"id":"63","x":32,"y":22},{"id":"63","x":31,"y":22},{"id":"60","x":30,"y":22},{"id":"63","x":29,"y":22},{"id":"54","x":30,"y":21},{"id":"54","x":31,"y":21},{"id":"54","x":32,"y":21},{"id":"54","x":33,"y":21},{"id":"54","x":34,"y":21},{"id":"54","x":35,"y":21},{"id":"54","x":36,"y":21},{"id":"54","x":37,"y":21},{"id":"54","x":38,"y":21},{"id":"54","x":39,"y":21},{"id":"54","x":40,"y":21},{"id":"54","x":41,"y":21},{"id":"54","x":42,"y":21},{"id":"54","x":43,"y":21},{"id":"54","x":44,"y":21},{"id":"54","x":45,"y":21},{"id":"54","x":46,"y":21},{"id":"54","x":47,"y":21},{"id":"54","x":48,"y":21},{"id":"54","x":49,"y":21},{"id":"54","x":50,"y":21},{"id":"54","x":51,"y":21},{"id":"54","x":52,"y":21},{"id":"54","x":53,"y":21},{"id":"54","x":54,"y":21},{"id":"54","x":55,"y":21},{"id":"54","x":56,"y":21},{"id":"54","x":57,"y":21},{"id":"54","x":58,"y":21},{"id":"54","x":59,"y":21},{"id":"54","x":60,"y":21},{"id":"54","x":61,"y":21},{"id":"54","x":62,"y":21},{"id":"54","x":63,"y":21},{"id":"54","x":64,"y":21},{"id":"53","x":21,"y":20},{"id":"54","x":22,"y":20},{"id":"55","x":23,"y":20},{"id":"53","x":24,"y":20},{"id":"54","x":25,"y":20},{"id":"55","x":26,"y":20},{"id":"53","x":27,"y":20},{"id":"54","x":28,"y":20},{"id":"55","x":29,"y":20},{"id":"53","x":30,"y":20},{"id":"54","x":31,"y":20},{"id":"55","x":32,"y":20},{"id":"53","x":33,"y":20},{"id":"54","x":34,"y":20},{"id":"55","x":35,"y":20},{"id":"53","x":36,"y":20},{"id":"54","x":37,"y":20},{"id":"55","x":38,"y":20},{"id":"53","x":39,"y":20},{"id":"54","x":40,"y":20},{"id":"55","x":41,"y":20},{"id":"53","x":42,"y":20},{"id":"54","x":43,"y":20},{"id":"55","x":44,"y":20},{"id":"53","x":45,"y":20},{"id":"54","x":46,"y":20},{"id":"55","x":47,"y":20},{"id":"53","x":48,"y":20},{"id":"54","x":49,"y":20},{"id":"55","x":50,"y":20},{"id":"53","x":51,"y":20},{"id":"54","x":52,"y":20},{"id":"55","x":53,"y":20},{"id":"53","x":54,"y":20},{"id":"54","x":55,"y":20},{"id":"55","x":56,"y":20},{"id":"53","x":57,"y":20},{"id":"54","x":58,"y":20},{"id":"55","x":59,"y":20},{"id":"53","x":60,"y":20},{"id":"54","x":61,"y":20},{"id":"55","x":62,"y":20},{"id":"53","x":63,"y":20},{"id":"54","x":64,"y":20},{"id":"55","x":65,"y":20},{"id":"56","x":21,"y":18},{"id":"57","x":22,"y":18},{"id":"58","x":21,"y":19},{"id":"59","x":22,"y":19},{"id":"60","x":23,"y":17},{"id":"61","x":23,"y":18},{"id":"62","x":23,"y":19},{"id":"63","x":21,"y":17},{"id":"63","x":22,"y":17},{"id":"56","x":24,"y":18},{"id":"57","x":25,"y":18},{"id":"58","x":24,"y":19},{"id":"59","x":25,"y":19},{"id":"56","x":27,"y":18},{"id":"57","x":28,"y":18},{"id":"58","x":27,"y":19},{"id":"59","x":28,"y":19},{"id":"56","x":30,"y":18},{"id":"57","x":31,"y":18},{"id":"58","x":30,"y":19},{"id":"59","x":31,"y":19},{"id":"56","x":33,"y":18},{"id":"57","x":34,"y":18},{"id":"58","x":33,"y":19},{"id":"59","x":34,"y":19},{"id":"56","x":36,"y":18},{"id":"57","x":37,"y":18},{"id":"58","x":36,"y":19},{"id":"59","x":37,"y":19},{"id":"56","x":39,"y":18},{"id":"58","x":39,"y":19},{"id":"59","x":40,"y":19},{"id":"56","x":42,"y":18},{"id":"57","x":43,"y":18},{"id":"58","x":42,"y":19},{"id":"59","x":43,"y":19},{"id":"56","x":45,"y":18},{"id":"57","x":46,"y":18},{"id":"58","x":45,"y":19},{"id":"59","x":46,"y":19},{"id":"56","x":48,"y":18},{"id":"57","x":49,"y":18},{"id":"58","x":48,"y":19},{"id":"59","x":49,"y":19},{"id":"56","x":51,"y":18},{"id":"57","x":52,"y":18},{"id":"58","x":51,"y":19},{"id":"59","x":52,"y":19},{"id":"56","x":54,"y":18},{"id":"57","x":55,"y":18},{"id":"58","x":54,"y":19},{"id":"59","x":55,"y":19},{"id":"56","x":57,"y":18},{"id":"57","x":58,"y":18},{"id":"58","x":57,"y":19},{"id":"59","x":58,"y":19},{"id":"56","x":60,"y":18},{"id":"57","x":61,"y":18},{"id":"58","x":60,"y":19},{"id":"59","x":61,"y":19},{"id":"56","x":63,"y":18},{"id":"57","x":64,"y":18},{"id":"58","x":63,"y":19},{"id":"59","x":64,"y":19},{"id":"60","x":26,"y":17},{"id":"61","x":26,"y":18},{"id":"62","x":26,"y":19},{"id":"60","x":29,"y":17},{"id":"61","x":29,"y":18},{"id":"62","x":29,"y":19},{"id":"60","x":32,"y":17},{"id":"61","x":32,"y":18},{"id":"62","x":32,"y":19},{"id":"60","x":35,"y":17},{"id":"61","x":35,"y":18},{"id":"62","x":35,"y":19},{"id":"60","x":38,"y":17},{"id":"61","x":38,"y":18},{"id":"62","x":38,"y":19},{"id":"60","x":41,"y":17},{"id":"61","x":41,"y":18},{"id":"62","x":41,"y":19},{"id":"60","x":44,"y":17},{"id":"61","x":44,"y":18},{"id":"62","x":44,"y":19},{"id":"60","x":47,"y":17},{"id":"61","x":47,"y":18},{"id":"62","x":47,"y":19},{"id":"60","x":50,"y":17},{"id":"61","x":50,"y":18},{"id":"62","x":50,"y":19},{"id":"60","x":53,"y":17},{"id":"61","x":53,"y":18},{"id":"62","x":53,"y":19},{"id":"60","x":56,"y":17},{"id":"61","x":56,"y":18},{"id":"62","x":56,"y":19},{"id":"60","x":59,"y":17},{"id":"61","x":59,"y":18},{"id":"62","x":59,"y":19},{"id":"60","x":62,"y":17},{"id":"61","x":62,"y":18},{"id":"62","x":62,"y":19},{"id":"63","x":24,"y":17},{"id":"63","x":25,"y":17},{"id":"63","x":28,"y":17},{"id":"63","x":27,"y":17},{"id":"63","x":30,"y":17},{"id":"63","x":31,"y":17},{"id":"63","x":33,"y":17},{"id":"63","x":34,"y":17},{"id":"63","x":36,"y":17},{"id":"63","x":37,"y":17},{"id":"63","x":39,"y":17},{"id":"63","x":40,"y":17},{"id":"57","x":40,"y":18},{"id":"63","x":42,"y":17},{"id":"63","x":43,"y":17},{"id":"63","x":45,"y":17},{"id":"63","x":46,"y":17},{"id":"63","x":48,"y":17},{"id":"63","x":49,"y":17},{"id":"63","x":51,"y":17},{"id":"63","x":52,"y":17},{"id":"63","x":54,"y":17},{"id":"63","x":55,"y":17},{"id":"63","x":60,"y":17},{"id":"63","x":61,"y":17},{"id":"63","x":63,"y":17},{"id":"63","x":64,"y":17},{"id":"53","x":21,"y":16},{"id":"54","x":22,"y":16},{"id":"54","x":23,"y":16},{"id":"54","x":24,"y":16},{"id":"54","x":25,"y":16},{"id":"54","x":26,"y":16},{"id":"54","x":27,"y":16},{"id":"54","x":28,"y":16},{"id":"54","x":29,"y":16},{"id":"54","x":30,"y":16},{"id":"54","x":31,"y":16},{"id":"54","x":32,"y":16},{"id":"54","x":33,"y":16},{"id":"54","x":34,"y":16},{"id":"54","x":35,"y":16},{"id":"54","x":36,"y":16},{"id":"54","x":37,"y":16},{"id":"54","x":38,"y":16},{"id":"54","x":39,"y":16},{"id":"54","x":40,"y":16},{"id":"54","x":41,"y":16},{"id":"54","x":42,"y":16},{"id":"54","x":43,"y":16},{"id":"54","x":44,"y":16},{"id":"54","x":45,"y":16},{"id":"54","x":46,"y":16},{"id":"54","x":47,"y":16},{"id":"54","x":48,"y":16},{"id":"54","x":49,"y":16},{"id":"54","x":50,"y":16},{"id":"54","x":51,"y":16},{"id":"54","x":52,"y":16},{"id":"54","x":53,"y":16},{"id":"54","x":54,"y":16},{"id":"54","x":55,"y":16},{"id":"54","x":56,"y":16},{"id":"54","x":57,"y":16},{"id":"63","x":58,"y":17},{"id":"63","x":57,"y":17},{"id":"54","x":58,"y":16},{"id":"54","x":59,"y":16},{"id":"54","x":60,"y":16},{"id":"54","x":61,"y":16},{"id":"54","x":62,"y":16},{"id":"54","x":63,"y":16},{"id":"54","x":64,"y":16},{"id":"53","x":21,"y":15},{"id":"54","x":22,"y":15},{"id":"55","x":23,"y":15},{"id":"53","x":24,"y":15},{"id":"54","x":25,"y":15},{"id":"55","x":26,"y":15},{"id":"53","x":27,"y":15},{"id":"54","x":28,"y":15},{"id":"55","x":29,"y":15},{"id":"53","x":30,"y":15},{"id":"54","x":31,"y":15},{"id":"55","x":32,"y":15},{"id":"53","x":33,"y":15},{"id":"54","x":34,"y":15},{"id":"55","x":35,"y":15},{"id":"53","x":36,"y":15},{"id":"54","x":37,"y":15},{"id":"55","x":38,"y":15},{"id":"53","x":39,"y":15},{"id":"54","x":40,"y":15},{"id":"55","x":41,"y":15},{"id":"53","x":42,"y":15},{"id":"54","x":43,"y":15},{"id":"55","x":44,"y":15},{"id":"53","x":45,"y":15},{"id":"54","x":46,"y":15},{"id":"55","x":47,"y":15},{"id":"53","x":48,"y":15},{"id":"54","x":49,"y":15},{"id":"55","x":50,"y":15},{"id":"53","x":51,"y":15},{"id":"54","x":52,"y":15},{"id":"55","x":53,"y":15},{"id":"53","x":54,"y":15},{"id":"54","x":55,"y":15},{"id":"55","x":56,"y":15},{"id":"53","x":57,"y":15},{"id":"54","x":58,"y":15},{"id":"55","x":59,"y":15},{"id":"53","x":60,"y":15},{"id":"54","x":61,"y":15},{"id":"55","x":62,"y":15},{"id":"53","x":63,"y":15},{"id":"54","x":64,"y":15},{"id":"55","x":65,"y":15},{"id":"56","x":22,"y":13},{"id":"57","x":23,"y":13},{"id":"58","x":22,"y":14},{"id":"59","x":23,"y":14},{"id":"56","x":25,"y":13},{"id":"57","x":26,"y":13},{"id":"58","x":25,"y":14},{"id":"59","x":26,"y":14},{"id":"56","x":28,"y":13},{"id":"57","x":29,"y":13},{"id":"58","x":28,"y":14},{"id":"59","x":29,"y":14},{"id":"56","x":31,"y":13},{"id":"57","x":32,"y":13},{"id":"58","x":31,"y":14},{"id":"59","x":32,"y":14},{"id":"56","x":34,"y":13},{"id":"57","x":35,"y":13},{"id":"58","x":34,"y":14},{"id":"59","x":35,"y":14},{"id":"56","x":37,"y":13},{"id":"57","x":38,"y":13},{"id":"58","x":37,"y":14},{"id":"59","x":38,"y":14},{"id":"56","x":40,"y":13},{"id":"57","x":41,"y":13},{"id":"58","x":40,"y":14},{"id":"59","x":41,"y":14},{"id":"56","x":43,"y":13},{"id":"57","x":44,"y":13},{"id":"58","x":43,"y":14},{"id":"59","x":44,"y":14},{"id":"56","x":46,"y":13},{"id":"57","x":47,"y":13},{"id":"58","x":46,"y":14},{"id":"59","x":47,"y":14},{"id":"56","x":49,"y":13},{"id":"57","x":50,"y":13},{"id":"58","x":49,"y":14},{"id":"59","x":50,"y":14},{"id":"56","x":52,"y":13},{"id":"57","x":53,"y":13},{"id":"58","x":52,"y":14},{"id":"59","x":53,"y":14},{"id":"56","x":55,"y":13},{"id":"57","x":56,"y":13},{"id":"58","x":55,"y":14},{"id":"59","x":56,"y":14},{"id":"56","x":58,"y":13},{"id":"57","x":59,"y":13},{"id":"58","x":58,"y":14},{"id":"59","x":59,"y":14},{"id":"56","x":61,"y":13},{"id":"57","x":62,"y":13},{"id":"58","x":61,"y":14},{"id":"59","x":62,"y":14},{"id":"56","x":64,"y":13},{"id":"57","x":65,"y":13},{"id":"58","x":64,"y":14},{"id":"59","x":65,"y":14},{"id":"60","x":20,"y":12},{"id":"61","x":20,"y":13},{"id":"62","x":20,"y":14},{"id":"60","x":21,"y":12},{"id":"61","x":21,"y":13},{"id":"62","x":21,"y":14},{"id":"60","x":24,"y":12},{"id":"61","x":24,"y":13},{"id":"62","x":24,"y":14},{"id":"60","x":27,"y":12},{"id":"61","x":27,"y":13},{"id":"62","x":27,"y":14},{"id":"61","x":30,"y":13},{"id":"62","x":30,"y":14},{"id":"60","x":33,"y":12},{"id":"61","x":33,"y":13},{"id":"62","x":33,"y":14},{"id":"60","x":36,"y":12},{"id":"61","x":36,"y":13},{"id":"62","x":36,"y":14},{"id":"60","x":39,"y":12},{"id":"61","x":39,"y":13},{"id":"62","x":39,"y":14},{"id":"60","x":42,"y":12},{"id":"61","x":42,"y":13},{"id":"62","x":42,"y":14},{"id":"60","x":45,"y":12},{"id":"61","x":45,"y":13},{"id":"62","x":45,"y":14},{"id":"60","x":48,"y":12},{"id":"61","x":48,"y":13},{"id":"62","x":48,"y":14},{"id":"60","x":51,"y":12},{"id":"61","x":51,"y":13},{"id":"62","x":51,"y":14},{"id":"60","x":54,"y":12},{"id":"61","x":54,"y":13},{"id":"62","x":54,"y":14},{"id":"60","x":57,"y":12},{"id":"61","x":57,"y":13},{"id":"62","x":57,"y":14},{"id":"60","x":60,"y":12},{"id":"61","x":60,"y":13},{"id":"62","x":60,"y":14},{"id":"60","x":63,"y":12},{"id":"61","x":63,"y":13},{"id":"62","x":63,"y":14},{"id":"63","x":22,"y":12},{"id":"63","x":23,"y":12},{"id":"63","x":25,"y":12},{"id":"63","x":26,"y":12},{"id":"63","x":28,"y":12},{"id":"60","x":30,"y":12},{"id":"63","x":29,"y":12},{"id":"63","x":31,"y":12},{"id":"63","x":32,"y":12},{"id":"63","x":35,"y":12},{"id":"63","x":34,"y":12},{"id":"63","x":37,"y":12},{"id":"63","x":38,"y":12},{"id":"63","x":40,"y":12},{"id":"63","x":41,"y":12},{"id":"63","x":43,"y":12},{"id":"63","x":44,"y":12},{"id":"63","x":46,"y":12},{"id":"63","x":47,"y":12},{"id":"63","x":49,"y":12},{"id":"63","x":50,"y":12},{"id":"63","x":52,"y":12},{"id":"63","x":53,"y":12},{"id":"63","x":55,"y":12},{"id":"63","x":56,"y":12},{"id":"63","x":58,"y":12},{"id":"63","x":59,"y":12},{"id":"63","x":61,"y":12},{"id":"63","x":62,"y":12},{"id":"63","x":64,"y":12},{"id":"53","x":21,"y":11},{"id":"54","x":22,"y":11},{"id":"54","x":23,"y":11},{"id":"54","x":24,"y":11},{"id":"54","x":25,"y":11},{"id":"54","x":26,"y":11},{"id":"54","x":27,"y":11},{"id":"54","x":28,"y":11},{"id":"54","x":29,"y":11},{"id":"54","x":30,"y":11},{"id":"54","x":31,"y":11},{"id":"54","x":32,"y":11},{"id":"54","x":33,"y":11},{"id":"54","x":34,"y":11},{"id":"54","x":35,"y":11},{"id":"54","x":36,"y":11},{"id":"54","x":37,"y":11},{"id":"54","x":38,"y":11},{"id":"54","x":39,"y":11},{"id":"54","x":40,"y":11},{"id":"54","x":41,"y":11},{"id":"54","x":42,"y":11},{"id":"54","x":43,"y":11},{"id":"54","x":44,"y":11},{"id":"54","x":45,"y":11},{"id":"54","x":46,"y":11},{"id":"54","x":47,"y":11},{"id":"54","x":48,"y":11},{"id":"54","x":49,"y":11},{"id":"54","x":50,"y":11},{"id":"54","x":51,"y":11},{"id":"54","x":52,"y":11},{"id":"54","x":53,"y":11},{"id":"54","x":54,"y":11},{"id":"54","x":55,"y":11},{"id":"54","x":56,"y":11},{"id":"54","x":57,"y":11},{"id":"54","x":58,"y":11},{"id":"54","x":59,"y":11},{"id":"54","x":60,"y":11},{"id":"54","x":61,"y":11},{"id":"54","x":62,"y":11},{"id":"54","x":63,"y":11},{"id":"55","x":64,"y":11}],"collider":false},{"name":"Background_grass","tiles":[{"id":"64","x":0,"y":4},{"id":"65","x":0,"y":5},{"id":"64","x":1,"y":4},{"id":"65","x":1,"y":5},{"id":"64","x":2,"y":4},{"id":"65","x":2,"y":5},{"id":"64","x":3,"y":4},{"id":"65","x":3,"y":5},{"id":"64","x":4,"y":4},{"id":"65","x":4,"y":5},{"id":"64","x":5,"y":4},{"id":"65","x":5,"y":5},{"id":"64","x":6,"y":4},{"id":"65","x":6,"y":5},{"id":"64","x":7,"y":4},{"id":"65","x":7,"y":5},{"id":"64","x":8,"y":4},{"id":"65","x":8,"y":5},{"id":"64","x":9,"y":4},{"id":"65","x":9,"y":5},{"id":"64","x":10,"y":4},{"id":"65","x":10,"y":5},{"id":"64","x":11,"y":4},{"id":"65","x":11,"y":5},{"id":"64","x":12,"y":4},{"id":"65","x":12,"y":5},{"id":"64","x":13,"y":4},{"id":"65","x":13,"y":5},{"id":"64","x":14,"y":4},{"id":"65","x":14,"y":5},{"id":"64","x":15,"y":4},{"id":"65","x":15,"y":5},{"id":"64","x":16,"y":4},{"id":"65","x":16,"y":5},{"id":"64","x":17,"y":4},{"id":"65","x":17,"y":5},{"id":"64","x":18,"y":4},{"id":"65","x":18,"y":5},{"id":"64","x":19,"y":4},{"id":"65","x":19,"y":5},{"id":"64","x":20,"y":4},{"id":"65","x":20,"y":5},{"id":"64","x":21,"y":4},{"id":"65","x":21,"y":5},{"id":"64","x":22,"y":4},{"id":"65","x":22,"y":5},{"id":"64","x":23,"y":4},{"id":"65","x":23,"y":5},{"id":"64","x":24,"y":4},{"id":"65","x":24,"y":5},{"id":"64","x":25,"y":4},{"id":"65","x":25,"y":5},{"id":"64","x":26,"y":4},{"id":"65","x":26,"y":5},{"id":"64","x":27,"y":4},{"id":"65","x":27,"y":5},{"id":"64","x":28,"y":4},{"id":"65","x":28,"y":5},{"id":"64","x":29,"y":4},{"id":"65","x":29,"y":5},{"id":"64","x":30,"y":4},{"id":"65","x":30,"y":5},{"id":"64","x":31,"y":4},{"id":"65","x":31,"y":5},{"id":"64","x":32,"y":4},{"id":"65","x":32,"y":5},{"id":"64","x":33,"y":4},{"id":"65","x":33,"y":5},{"id":"64","x":34,"y":4},{"id":"65","x":34,"y":5},{"id":"64","x":35,"y":4},{"id":"65","x":35,"y":5},{"id":"64","x":36,"y":4},{"id":"65","x":36,"y":5},{"id":"64","x":37,"y":4},{"id":"65","x":37,"y":5},{"id":"64","x":38,"y":4},{"id":"65","x":38,"y":5},{"id":"64","x":39,"y":4},{"id":"65","x":39,"y":5},{"id":"64","x":40,"y":4},{"id":"65","x":40,"y":5},{"id":"64","x":41,"y":4},{"id":"65","x":41,"y":5},{"id":"64","x":42,"y":4},{"id":"65","x":42,"y":5},{"id":"64","x":43,"y":4},{"id":"65","x":43,"y":5},{"id":"64","x":44,"y":4},{"id":"65","x":44,"y":5},{"id":"64","x":45,"y":4},{"id":"65","x":45,"y":5},{"id":"64","x":46,"y":4},{"id":"65","x":46,"y":5},{"id":"64","x":47,"y":4},{"id":"65","x":47,"y":5},{"id":"64","x":48,"y":4},{"id":"65","x":48,"y":5},{"id":"64","x":49,"y":4},{"id":"65","x":49,"y":5},{"id":"65","x":50,"y":5},{"id":"65","x":51,"y":5},{"id":"65","x":52,"y":5},{"id":"65","x":53,"y":5},{"id":"64","x":54,"y":4},{"id":"65","x":54,"y":5},{"id":"64","x":55,"y":4},{"id":"65","x":55,"y":5},{"id":"64","x":56,"y":4},{"id":"65","x":56,"y":5},{"id":"64","x":57,"y":4},{"id":"65","x":57,"y":5},{"id":"64","x":58,"y":4},{"id":"65","x":58,"y":5},{"id":"64","x":59,"y":4},{"id":"65","x":59,"y":5},{"id":"64","x":60,"y":4},{"id":"65","x":60,"y":5},{"id":"64","x":61,"y":4},{"id":"65","x":61,"y":5},{"id":"64","x":62,"y":4},{"id":"65","x":62,"y":5},{"id":"64","x":63,"y":4},{"id":"65","x":63,"y":5},{"id":"64","x":64,"y":4},{"id":"65","x":64,"y":5},{"id":"64","x":65,"y":4},{"id":"65","x":65,"y":5},{"id":"64","x":0,"y":3},{"id":"64","x":1,"y":3},{"id":"64","x":2,"y":3},{"id":"64","x":3,"y":3},{"id":"64","x":4,"y":3},{"id":"64","x":5,"y":3},{"id":"64","x":6,"y":3},{"id":"64","x":7,"y":3},{"id":"64","x":8,"y":3},{"id":"64","x":9,"y":3},{"id":"64","x":10,"y":3},{"id":"64","x":11,"y":3},{"id":"64","x":12,"y":3},{"id":"64","x":13,"y":3},{"id":"64","x":14,"y":3},{"id":"64","x":15,"y":3},{"id":"64","x":16,"y":3},{"id":"64","x":17,"y":3},{"id":"64","x":18,"y":3},{"id":"64","x":19,"y":3},{"id":"64","x":20,"y":3},{"id":"64","x":21,"y":3},{"id":"64","x":22,"y":3},{"id":"64","x":23,"y":3},{"id":"64","x":24,"y":3},{"id":"64","x":25,"y":3},{"id":"64","x":26,"y":3},{"id":"64","x":27,"y":3},{"id":"64","x":28,"y":3},{"id":"64","x":29,"y":3},{"id":"64","x":30,"y":3},{"id":"64","x":31,"y":3},{"id":"64","x":32,"y":3},{"id":"64","x":33,"y":3},{"id":"64","x":34,"y":3},{"id":"64","x":35,"y":3},{"id":"64","x":36,"y":3},{"id":"64","x":37,"y":3},{"id":"64","x":38,"y":3},{"id":"64","x":39,"y":3},{"id":"64","x":40,"y":3},{"id":"64","x":41,"y":3},{"id":"64","x":42,"y":3},{"id":"64","x":43,"y":3},{"id":"64","x":44,"y":3},{"id":"64","x":45,"y":3},{"id":"64","x":46,"y":3},{"id":"64","x":47,"y":3},{"id":"64","x":48,"y":3},{"id":"64","x":50,"y":4},{"id":"64","x":51,"y":4},{"id":"64","x":52,"y":4},{"id":"64","x":53,"y":4},{"id":"64","x":49,"y":3},{"id":"64","x":50,"y":3},{"id":"64","x":51,"y":3},{"id":"64","x":52,"y":3},{"id":"64","x":53,"y":3},{"id":"64","x":54,"y":3},{"id":"64","x":55,"y":3},{"id":"64","x":56,"y":3},{"id":"64","x":57,"y":3},{"id":"64","x":58,"y":3},{"id":"64","x":59,"y":3},{"id":"64","x":60,"y":3},{"id":"64","x":61,"y":3},{"id":"64","x":62,"y":3},{"id":"64","x":63,"y":3},{"id":"64","x":64,"y":3},{"id":"64","x":65,"y":3},{"id":"66","x":0,"y":1},{"id":"67","x":0,"y":2},{"id":"66","x":1,"y":1},{"id":"67","x":1,"y":2},{"id":"66","x":2,"y":1},{"id":"67","x":2,"y":2},{"id":"66","x":3,"y":1},{"id":"67","x":3,"y":2},{"id":"66","x":4,"y":1},{"id":"67","x":4,"y":2},{"id":"66","x":5,"y":1},{"id":"67","x":5,"y":2},{"id":"66","x":6,"y":1},{"id":"67","x":6,"y":2},{"id":"66","x":7,"y":1},{"id":"67","x":7,"y":2},{"id":"66","x":8,"y":1},{"id":"67","x":8,"y":2},{"id":"66","x":9,"y":1},{"id":"67","x":9,"y":2},{"id":"66","x":10,"y":1},{"id":"67","x":10,"y":2},{"id":"66","x":11,"y":1},{"id":"67","x":11,"y":2},{"id":"66","x":12,"y":1},{"id":"67","x":12,"y":2},{"id":"66","x":13,"y":1},{"id":"67","x":13,"y":2},{"id":"66","x":14,"y":1},{"id":"67","x":14,"y":2},{"id":"66","x":15,"y":1},{"id":"67","x":15,"y":2},{"id":"66","x":16,"y":1},{"id":"67","x":16,"y":2},{"id":"66","x":17,"y":1},{"id":"67","x":17,"y":2},{"id":"66","x":18,"y":1},{"id":"67","x":18,"y":2},{"id":"66","x":19,"y":1},{"id":"67","x":19,"y":2},{"id":"66","x":20,"y":1},{"id":"67","x":20,"y":2},{"id":"66","x":21,"y":1},{"id":"67","x":21,"y":2},{"id":"66","x":22,"y":1},{"id":"67","x":22,"y":2},{"id":"66","x":23,"y":1},{"id":"67","x":23,"y":2},{"id":"66","x":24,"y":1},{"id":"67","x":24,"y":2},{"id":"66","x":25,"y":1},{"id":"67","x":25,"y":2},{"id":"66","x":26,"y":1},{"id":"67","x":26,"y":2},{"id":"66","x":27,"y":1},{"id":"67","x":27,"y":2},{"id":"66","x":28,"y":1},{"id":"67","x":28,"y":2},{"id":"66","x":29,"y":1},{"id":"67","x":29,"y":2},{"id":"66","x":30,"y":1},{"id":"67","x":30,"y":2},{"id":"66","x":31,"y":1},{"id":"67","x":31,"y":2},{"id":"66","x":32,"y":1},{"id":"67","x":32,"y":2},{"id":"66","x":33,"y":1},{"id":"67","x":33,"y":2},{"id":"66","x":34,"y":1},{"id":"67","x":34,"y":2},{"id":"66","x":35,"y":1},{"id":"67","x":35,"y":2},{"id":"66","x":36,"y":1},{"id":"67","x":36,"y":2},{"id":"66","x":37,"y":1},{"id":"67","x":37,"y":2},{"id":"66","x":38,"y":1},{"id":"67","x":38,"y":2},{"id":"66","x":39,"y":1},{"id":"67","x":39,"y":2},{"id":"66","x":40,"y":1},{"id":"67","x":40,"y":2},{"id":"66","x":41,"y":1},{"id":"67","x":41,"y":2},{"id":"66","x":42,"y":1},{"id":"67","x":42,"y":2},{"id":"66","x":43,"y":1},{"id":"67","x":43,"y":2},{"id":"66","x":44,"y":1},{"id":"67","x":44,"y":2},{"id":"66","x":45,"y":1},{"id":"67","x":45,"y":2},{"id":"66","x":46,"y":1},{"id":"67","x":46,"y":2},{"id":"66","x":47,"y":1},{"id":"67","x":47,"y":2},{"id":"66","x":48,"y":1},{"id":"67","x":48,"y":2},{"id":"66","x":49,"y":1},{"id":"67","x":49,"y":2},{"id":"66","x":50,"y":1},{"id":"67","x":50,"y":2},{"id":"66","x":51,"y":1},{"id":"67","x":51,"y":2},{"id":"66","x":52,"y":1},{"id":"67","x":52,"y":2},{"id":"66","x":53,"y":1},{"id":"67","x":53,"y":2},{"id":"66","x":54,"y":1},{"id":"67","x":54,"y":2},{"id":"66","x":55,"y":1},{"id":"67","x":55,"y":2},{"id":"66","x":56,"y":1},{"id":"67","x":56,"y":2},{"id":"66","x":57,"y":1},{"id":"67","x":57,"y":2},{"id":"66","x":58,"y":1},{"id":"67","x":58,"y":2},{"id":"66","x":59,"y":1},{"id":"67","x":59,"y":2},{"id":"66","x":60,"y":1},{"id":"67","x":60,"y":2},{"id":"66","x":61,"y":1},{"id":"67","x":61,"y":2},{"id":"66","x":62,"y":1},{"id":"67","x":62,"y":2},{"id":"66","x":63,"y":1},{"id":"67","x":63,"y":2},{"id":"66","x":64,"y":1},{"id":"67","x":64,"y":2},{"id":"66","x":65,"y":1},{"id":"67","x":65,"y":2},{"id":"66","x":0,"y":0},{"id":"66","x":1,"y":0},{"id":"66","x":2,"y":0},{"id":"66","x":3,"y":0},{"id":"66","x":4,"y":0},{"id":"66","x":5,"y":0},{"id":"66","x":6,"y":0},{"id":"66","x":7,"y":0},{"id":"66","x":8,"y":0},{"id":"66","x":9,"y":0},{"id":"66","x":10,"y":0},{"id":"66","x":11,"y":0},{"id":"66","x":12,"y":0},{"id":"66","x":13,"y":0},{"id":"66","x":14,"y":0},{"id":"66","x":15,"y":0},{"id":"66","x":16,"y":0},{"id":"66","x":17,"y":0},{"id":"66","x":18,"y":0},{"id":"66","x":19,"y":0},{"id":"66","x":20,"y":0},{"id":"66","x":21,"y":0},{"id":"66","x":22,"y":0},{"id":"66","x":23,"y":0},{"id":"66","x":24,"y":0},{"id":"66","x":25,"y":0},{"id":"66","x":26,"y":0},{"id":"66","x":27,"y":0},{"id":"66","x":28,"y":0},{"id":"66","x":29,"y":0},{"id":"66","x":30,"y":0},{"id":"66","x":31,"y":0},{"id":"66","x":32,"y":0},{"id":"66","x":33,"y":0},{"id":"66","x":34,"y":0},{"id":"66","x":35,"y":0},{"id":"66","x":36,"y":0},{"id":"66","x":37,"y":0},{"id":"66","x":38,"y":0},{"id":"66","x":39,"y":0},{"id":"66","x":40,"y":0},{"id":"66","x":41,"y":0},{"id":"66","x":42,"y":0},{"id":"66","x":43,"y":0},{"id":"66","x":44,"y":0},{"id":"66","x":45,"y":0},{"id":"66","x":46,"y":0},{"id":"66","x":47,"y":0},{"id":"66","x":48,"y":0},{"id":"66","x":49,"y":0},{"id":"66","x":50,"y":0},{"id":"66","x":51,"y":0},{"id":"66","x":52,"y":0},{"id":"66","x":53,"y":0},{"id":"66","x":54,"y":0},{"id":"66","x":55,"y":0},{"id":"66","x":56,"y":0},{"id":"66","x":57,"y":0},{"id":"66","x":58,"y":0},{"id":"66","x":59,"y":0},{"id":"66","x":60,"y":0},{"id":"66","x":61,"y":0},{"id":"66","x":62,"y":0},{"id":"66","x":63,"y":0},{"id":"66","x":64,"y":0},{"id":"66","x":65,"y":0},{"id":"68","x":0,"y":8},{"id":"69","x":2,"y":6},{"id":"69","x":3,"y":6},{"id":"69","x":4,"y":6},{"id":"69","x":5,"y":6},{"id":"69","x":6,"y":6},{"id":"69","x":7,"y":6},{"id":"69","x":8,"y":6},{"id":"69","x":9,"y":6},{"id":"69","x":10,"y":6},{"id":"69","x":11,"y":6},{"id":"69","x":12,"y":6},{"id":"69","x":13,"y":6},{"id":"69","x":14,"y":6},{"id":"69","x":15,"y":6},{"id":"69","x":16,"y":6},{"id":"69","x":17,"y":6},{"id":"69","x":18,"y":6},{"id":"69","x":19,"y":6},{"id":"68","x":20,"y":8},{"id":"69","x":0,"y":7},{"id":"69","x":1,"y":7},{"id":"69","x":2,"y":7},{"id":"69","x":3,"y":7},{"id":"69","x":4,"y":7},{"id":"69","x":5,"y":7},{"id":"69","x":6,"y":7},{"id":"69","x":7,"y":7},{"id":"69","x":8,"y":7},{"id":"69","x":9,"y":7},{"id":"69","x":10,"y":7},{"id":"69","x":11,"y":7},{"id":"69","x":12,"y":7},{"id":"69","x":13,"y":7},{"id":"69","x":14,"y":7},{"id":"69","x":15,"y":7},{"id":"69","x":16,"y":7},{"id":"69","x":17,"y":7},{"id":"69","x":18,"y":7},{"id":"69","x":19,"y":7},{"id":"69","x":20,"y":7},{"id":"69","x":21,"y":7},{"id":"69","x":22,"y":7},{"id":"69","x":23,"y":7},{"id":"69","x":24,"y":7},{"id":"69","x":25,"y":7},{"id":"69","x":26,"y":7},{"id":"69","x":27,"y":7},{"id":"69","x":28,"y":7},{"id":"69","x":23,"y":6},{"id":"69","x":24,"y":6},{"id":"69","x":25,"y":6},{"id":"69","x":26,"y":6},{"id":"69","x":27,"y":6},{"id":"69","x":28,"y":6},{"id":"69","x":29,"y":6},{"id":"69","x":30,"y":6},{"id":"69","x":31,"y":6},{"id":"69","x":32,"y":6},{"id":"69","x":33,"y":6},{"id":"69","x":34,"y":6},{"id":"69","x":35,"y":6},{"id":"69","x":36,"y":6},{"id":"69","x":37,"y":6},{"id":"69","x":38,"y":6},{"id":"69","x":39,"y":6},{"id":"69","x":40,"y":6},{"id":"69","x":41,"y":6},{"id":"69","x":42,"y":6},{"id":"69","x":43,"y":6},{"id":"69","x":44,"y":6},{"id":"69","x":45,"y":6},{"id":"69","x":46,"y":6},{"id":"69","x":47,"y":6},{"id":"69","x":48,"y":6},{"id":"69","x":49,"y":6},{"id":"69","x":50,"y":6},{"id":"69","x":51,"y":6},{"id":"69","x":52,"y":6},{"id":"69","x":53,"y":6},{"id":"69","x":54,"y":6},{"id":"69","x":55,"y":6},{"id":"69","x":56,"y":6},{"id":"69","x":57,"y":6},{"id":"69","x":58,"y":6},{"id":"69","x":59,"y":6},{"id":"69","x":60,"y":6},{"id":"69","x":61,"y":6},{"id":"69","x":62,"y":6},{"id":"69","x":63,"y":6},{"id":"69","x":64,"y":6},{"id":"69","x":65,"y":6},{"id":"69","x":29,"y":7},{"id":"69","x":30,"y":7},{"id":"69","x":31,"y":7},{"id":"69","x":33,"y":7},{"id":"69","x":34,"y":7},{"id":"69","x":35,"y":7},{"id":"69","x":36,"y":7},{"id":"69","x":37,"y":7},{"id":"69","x":38,"y":7},{"id":"69","x":39,"y":7},{"id":"69","x":40,"y":7},{"id":"69","x":41,"y":7},{"id":"69","x":42,"y":7},{"id":"69","x":43,"y":7},{"id":"69","x":44,"y":7},{"id":"69","x":45,"y":7},{"id":"69","x":46,"y":7},{"id":"69","x":47,"y":7},{"id":"69","x":48,"y":7},{"id":"69","x":49,"y":7},{"id":"69","x":50,"y":7},{"id":"69","x":51,"y":7},{"id":"69","x":52,"y":7},{"id":"69","x":53,"y":7},{"id":"69","x":54,"y":7},{"id":"69","x":55,"y":7},{"id":"69","x":56,"y":7},{"id":"69","x":57,"y":7},{"id":"69","x":58,"y":7},{"id":"69","x":59,"y":7},{"id":"69","x":60,"y":7},{"id":"69","x":61,"y":7},{"id":"69","x":62,"y":7},{"id":"69","x":63,"y":7},{"id":"69","x":64,"y":7},{"id":"69","x":65,"y":7},{"id":"69","x":0,"y":9},{"id":"68","x":0,"y":10},{"id":"69","x":1,"y":9},{"id":"68","x":1,"y":10},{"id":"69","x":2,"y":9},{"id":"68","x":2,"y":10},{"id":"69","x":3,"y":9},{"id":"68","x":3,"y":10},{"id":"69","x":4,"y":9},{"id":"68","x":4,"y":10},{"id":"69","x":5,"y":9},{"id":"68","x":5,"y":10},{"id":"69","x":6,"y":9},{"id":"68","x":6,"y":10},{"id":"69","x":7,"y":9},{"id":"68","x":7,"y":10},{"id":"69","x":8,"y":9},{"id":"68","x":8,"y":10},{"id":"69","x":9,"y":9},{"id":"68","x":9,"y":10},{"id":"69","x":10,"y":9},{"id":"68","x":10,"y":10},{"id":"69","x":11,"y":9},{"id":"68","x":11,"y":10},{"id":"69","x":12,"y":9},{"id":"68","x":12,"y":10},{"id":"69","x":13,"y":9},{"id":"68","x":13,"y":10},{"id":"69","x":14,"y":9},{"id":"68","x":14,"y":10},{"id":"69","x":15,"y":9},{"id":"68","x":15,"y":10},{"id":"69","x":16,"y":9},{"id":"68","x":16,"y":10},{"id":"69","x":17,"y":9},{"id":"68","x":17,"y":10},{"id":"69","x":18,"y":9},{"id":"68","x":18,"y":10},{"id":"69","x":19,"y":9},{"id":"68","x":19,"y":10},{"id":"69","x":20,"y":9},{"id":"68","x":20,"y":10},{"id":"69","x":21,"y":9},{"id":"68","x":21,"y":10},{"id":"69","x":22,"y":9},{"id":"68","x":22,"y":10},{"id":"69","x":23,"y":9},{"id":"68","x":23,"y":10},{"id":"69","x":24,"y":9},{"id":"68","x":24,"y":10},{"id":"69","x":25,"y":9},{"id":"68","x":25,"y":10},{"id":"69","x":26,"y":9},{"id":"68","x":26,"y":10},{"id":"69","x":27,"y":9},{"id":"68","x":27,"y":10},{"id":"69","x":28,"y":9},{"id":"68","x":28,"y":10},{"id":"69","x":29,"y":9},{"id":"70","x":29,"y":11},{"id":"69","x":30,"y":9},{"id":"70","x":30,"y":11},{"id":"69","x":31,"y":9},{"id":"70","x":31,"y":11},{"id":"69","x":32,"y":9},{"id":"70","x":32,"y":11},{"id":"69","x":33,"y":9},{"id":"70","x":33,"y":11},{"id":"69","x":34,"y":9},{"id":"70","x":34,"y":11},{"id":"69","x":35,"y":9},{"id":"70","x":35,"y":11},{"id":"69","x":36,"y":9},{"id":"70","x":36,"y":11},{"id":"69","x":37,"y":9},{"id":"70","x":37,"y":11},{"id":"69","x":38,"y":9},{"id":"70","x":38,"y":11},{"id":"69","x":39,"y":9},{"id":"70","x":39,"y":11},{"id":"69","x":40,"y":9},{"id":"70","x":40,"y":11},{"id":"69","x":41,"y":9},{"id":"70","x":41,"y":11},{"id":"69","x":42,"y":9},{"id":"70","x":42,"y":11},{"id":"69","x":43,"y":9},{"id":"70","x":43,"y":11},{"id":"69","x":44,"y":9},{"id":"69","x":45,"y":9},{"id":"69","x":46,"y":9},{"id":"69","x":47,"y":9},{"id":"69","x":48,"y":9},{"id":"69","x":49,"y":9},{"id":"69","x":50,"y":9},{"id":"69","x":51,"y":9},{"id":"69","x":52,"y":9},{"id":"69","x":53,"y":9},{"id":"69","x":54,"y":9},{"id":"69","x":55,"y":9},{"id":"69","x":56,"y":9},{"id":"69","x":57,"y":9},{"id":"69","x":58,"y":9},{"id":"69","x":59,"y":9},{"id":"69","x":60,"y":9},{"id":"69","x":61,"y":9},{"id":"69","x":62,"y":9},{"id":"69","x":63,"y":9},{"id":"69","x":64,"y":9},{"id":"69","x":65,"y":9},{"id":"68","x":29,"y":10},{"id":"68","x":30,"y":10},{"id":"68","x":31,"y":10},{"id":"68","x":32,"y":10},{"id":"68","x":33,"y":10},{"id":"68","x":34,"y":10},{"id":"68","x":35,"y":10},{"id":"68","x":36,"y":10},{"id":"68","x":37,"y":10},{"id":"68","x":38,"y":10},{"id":"68","x":39,"y":10},{"id":"68","x":40,"y":10},{"id":"68","x":41,"y":10},{"id":"68","x":42,"y":10},{"id":"68","x":43,"y":10},{"id":"68","x":44,"y":10},{"id":"68","x":45,"y":10},{"id":"68","x":46,"y":10},{"id":"68","x":47,"y":10},{"id":"68","x":48,"y":10},{"id":"68","x":49,"y":10},{"id":"68","x":50,"y":10},{"id":"68","x":51,"y":10},{"id":"68","x":52,"y":10},{"id":"68","x":53,"y":10},{"id":"68","x":54,"y":10},{"id":"68","x":55,"y":10},{"id":"68","x":56,"y":10},{"id":"68","x":57,"y":10},{"id":"68","x":58,"y":10},{"id":"68","x":59,"y":10},{"id":"68","x":60,"y":10},{"id":"68","x":61,"y":10},{"id":"68","x":62,"y":10},{"id":"68","x":63,"y":10},{"id":"68","x":64,"y":10},{"id":"68","x":65,"y":10},{"id":"69","x":22,"y":8},{"id":"69","x":23,"y":8},{"id":"69","x":24,"y":8},{"id":"69","x":25,"y":8},{"id":"69","x":26,"y":8},{"id":"69","x":27,"y":8},{"id":"69","x":28,"y":8},{"id":"69","x":29,"y":8},{"id":"69","x":30,"y":8},{"id":"69","x":31,"y":8},{"id":"69","x":32,"y":8},{"id":"69","x":33,"y":8},{"id":"69","x":34,"y":8},{"id":"69","x":35,"y":8},{"id":"69","x":36,"y":8},{"id":"69","x":37,"y":8},{"id":"69","x":38,"y":8},{"id":"69","x":39,"y":8},{"id":"69","x":40,"y":8},{"id":"69","x":41,"y":8},{"id":"69","x":42,"y":8},{"id":"69","x":43,"y":8},{"id":"69","x":44,"y":8},{"id":"69","x":45,"y":8},{"id":"69","x":46,"y":8},{"id":"69","x":47,"y":8},{"id":"69","x":48,"y":8},{"id":"69","x":49,"y":8},{"id":"69","x":50,"y":8},{"id":"69","x":51,"y":8},{"id":"69","x":52,"y":8},{"id":"69","x":53,"y":8},{"id":"69","x":54,"y":8},{"id":"69","x":55,"y":8},{"id":"69","x":56,"y":8},{"id":"69","x":57,"y":8},{"id":"69","x":58,"y":8},{"id":"69","x":59,"y":8},{"id":"69","x":60,"y":8},{"id":"69","x":61,"y":8},{"id":"69","x":62,"y":8},{"id":"69","x":63,"y":8},{"id":"69","x":64,"y":8},{"id":"69","x":65,"y":8},{"id":"69","x":65,"y":11},{"id":"69","x":20,"y":11}],"collider":false}]}